{
    "training": {
        "accuracy": 0.7906281156530409,
        "auroc": 0.9220671032977135,
        "aucpr": 0.3888562227009835,
        "recall_died": 0.9166666666666666,
        "report": {
            "0": {
                "precision": 0.9960681520314548,
                "recall": 0.7859358841778697,
                "f1-score": 0.8786127167630058,
                "support": 967.0
            },
            "1": {
                "precision": 0.1375,
                "recall": 0.9166666666666666,
                "f1-score": 0.2391304347826087,
                "support": 36.0
            },
            "accuracy": 0.7906281156530409,
            "macro avg": {
                "precision": 0.5667840760157274,
                "recall": 0.8513012754222682,
                "f1-score": 0.5588715757728072,
                "support": 1003.0
            },
            "weighted avg": {
                "precision": 0.9652521465746928,
                "recall": 0.7906281156530409,
                "f1-score": 0.8556602121256237,
                "support": 1003.0
            }
        }
    },
    "validation": {
        "accuracy": 0.7930232558139535,
        "auroc": 0.9221014492753624,
        "aucpr": 0.3943609215685817,
        "recall_died": 0.9375,
        "report": {
            "0": {
                "precision": 0.9969418960244648,
                "recall": 0.7874396135265701,
                "f1-score": 0.8798920377867746,
                "support": 414.0
            },
            "1": {
                "precision": 0.14563106796116504,
                "recall": 0.9375,
                "f1-score": 0.25210084033613445,
                "support": 16.0
            },
            "accuracy": 0.7930232558139535,
            "macro avg": {
                "precision": 0.571286481992815,
                "recall": 0.862469806763285,
                "f1-score": 0.5659964390614545,
                "support": 430.0
            },
            "weighted avg": {
                "precision": 0.9652652140500165,
                "recall": 0.7930232558139535,
                "f1-score": 0.8565323653234949,
                "support": 430.0
            }
        }
    },
    "testing": {
        "accuracy": 0.8236914600550964,
        "auroc": 0.9275480966025378,
        "aucpr": 0.42991580823075737,
        "recall_died": 0.9285714285714286,
        "report": {
            "0": {
                "precision": 0.9965156794425087,
                "recall": 0.8194842406876791,
                "f1-score": 0.89937106918239,
                "support": 349.0
            },
            "1": {
                "precision": 0.17105263157894737,
                "recall": 0.9285714285714286,
                "f1-score": 0.28888888888888886,
                "support": 14.0
            },
            "accuracy": 0.8236914600550964,
            "macro avg": {
                "precision": 0.583784155510728,
                "recall": 0.8740278346295538,
                "f1-score": 0.5941299790356394,
                "support": 363.0
            },
            "weighted avg": {
                "precision": 0.964679639029038,
                "recall": 0.8236914600550964,
                "f1-score": 0.875826301898343,
                "support": 363.0
            }
        }
    }
}