{
    "training": {
        "accuracy": 0.9661016949152542,
        "auroc": 0.8787487073422958,
        "aucpr": 0.35000032573316026,
        "recall_died": 0.1111111111111111,
        "f2": 0.13333333333333333,
        "report": {
            "0": {
                "precision": 0.9679037111334002,
                "recall": 0.9979317476732161,
                "f1-score": 0.9826883910386965,
                "support": 967.0
            },
            "1": {
                "precision": 0.6666666666666666,
                "recall": 0.1111111111111111,
                "f1-score": 0.19047619047619047,
                "support": 36.0
            },
            "accuracy": 0.9661016949152542,
            "macro avg": {
                "precision": 0.8172851889000334,
                "recall": 0.5545214293921636,
                "f1-score": 0.5865822907574435,
                "support": 1003.0
            },
            "weighted avg": {
                "precision": 0.9570916138245245,
                "recall": 0.9661016949152542,
                "f1-score": 0.9542540548270813,
                "support": 1003.0
            }
        }
    },
    "validation": {
        "accuracy": 0.9651162790697675,
        "auroc": 0.9085899758454107,
        "aucpr": 0.351208289863752,
        "recall_died": 0.125,
        "f2": 0.14925373134328357,
        "report": {
            "0": {
                "precision": 0.9672131147540983,
                "recall": 0.9975845410628019,
                "f1-score": 0.9821640903686087,
                "support": 414.0
            },
            "1": {
                "precision": 0.6666666666666666,
                "recall": 0.125,
                "f1-score": 0.21052631578947367,
                "support": 16.0
            },
            "accuracy": 0.9651162790697675,
            "macro avg": {
                "precision": 0.8169398907103824,
                "recall": 0.561292270531401,
                "f1-score": 0.5963452030790413,
                "support": 430.0
            },
            "weighted avg": {
                "precision": 0.9560299911043334,
                "recall": 0.9651162790697675,
                "f1-score": 0.9534519871284548,
                "support": 430.0
            }
        }
    },
    "testing": {
        "accuracy": 0.9641873278236914,
        "auroc": 0.9636717151043799,
        "aucpr": 0.436467703013965,
        "recall_died": 0.07142857142857142,
        "f2": 0.08771929824561403,
        "report": {
            "0": {
                "precision": 0.9640883977900553,
                "recall": 1.0,
                "f1-score": 0.9817158931082982,
                "support": 349.0
            },
            "1": {
                "precision": 1.0,
                "recall": 0.07142857142857142,
                "f1-score": 0.13333333333333333,
                "support": 14.0
            },
            "accuracy": 0.9641873278236914,
            "macro avg": {
                "precision": 0.9820441988950277,
                "recall": 0.5357142857142857,
                "f1-score": 0.5575246132208158,
                "support": 363.0
            },
            "weighted avg": {
                "precision": 0.9654734182609623,
                "recall": 0.9641873278236914,
                "f1-score": 0.9489959045770323,
                "support": 363.0
            }
        }
    }
}