{
    "training": {
        "accuracy": 0.806580259222333,
        "auroc": 0.8835459037113639,
        "aucpr": 0.289633148240586,
        "recall_died": 0.8611111111111112,
        "report": {
            "0": {
                "precision": 0.9936143039591315,
                "recall": 0.8045501551189245,
                "f1-score": 0.8891428571428571,
                "support": 967.0
            },
            "1": {
                "precision": 0.1409090909090909,
                "recall": 0.8611111111111112,
                "f1-score": 0.2421875,
                "support": 36.0
            },
            "accuracy": 0.806580259222333,
            "macro avg": {
                "precision": 0.5672616974341113,
                "recall": 0.8328306331150178,
                "f1-score": 0.5656651785714286,
                "support": 1003.0
            },
            "weighted avg": {
                "precision": 0.9630087330022009,
                "recall": 0.806580259222333,
                "f1-score": 0.8659221264777097,
                "support": 1003.0
            }
        }
    },
    "validation": {
        "accuracy": 0.8046511627906977,
        "auroc": 0.9116092995169083,
        "aucpr": 0.288527707381755,
        "recall_died": 0.9375,
        "report": {
            "0": {
                "precision": 0.9969879518072289,
                "recall": 0.7995169082125604,
                "f1-score": 0.8873994638069705,
                "support": 414.0
            },
            "1": {
                "precision": 0.15306122448979592,
                "recall": 0.9375,
                "f1-score": 0.2631578947368421,
                "support": 16.0
            },
            "accuracy": 0.8046511627906977,
            "macro avg": {
                "precision": 0.5750245881485124,
                "recall": 0.8685084541062802,
                "f1-score": 0.5752786792719063,
                "support": 430.0
            },
            "weighted avg": {
                "precision": 0.9655860270698361,
                "recall": 0.8046511627906977,
                "f1-score": 0.8641718705392449,
                "support": 430.0
            }
        }
    },
    "testing": {
        "accuracy": 0.8705234159779615,
        "auroc": 0.9606017191977078,
        "aucpr": 0.45275036754628595,
        "recall_died": 1.0,
        "report": {
            "0": {
                "precision": 1.0,
                "recall": 0.8653295128939829,
                "f1-score": 0.9278033794162827,
                "support": 349.0
            },
            "1": {
                "precision": 0.22950819672131148,
                "recall": 1.0,
                "f1-score": 0.37333333333333335,
                "support": 14.0
            },
            "accuracy": 0.8705234159779615,
            "macro avg": {
                "precision": 0.6147540983606558,
                "recall": 0.9326647564469914,
                "f1-score": 0.650568356374808,
                "support": 363.0
            },
            "weighted avg": {
                "precision": 0.9702840626834665,
                "recall": 0.8705234159779615,
                "f1-score": 0.9064188597326428,
                "support": 363.0
            }
        }
    }
}