{
    "training": {
        "accuracy": 0.806580259222333,
        "auroc": 0.883488452257842,
        "aucpr": 0.2897084374312137,
        "recall_died": 0.8611111111111112,
        "f2": 0.4258241758241758,
        "report": {
            "0": {
                "precision": 0.9936143039591315,
                "recall": 0.8045501551189245,
                "f1-score": 0.8891428571428571,
                "support": 967.0
            },
            "1": {
                "precision": 0.1409090909090909,
                "recall": 0.8611111111111112,
                "f1-score": 0.2421875,
                "support": 36.0
            },
            "accuracy": 0.806580259222333,
            "macro avg": {
                "precision": 0.5672616974341113,
                "recall": 0.8328306331150178,
                "f1-score": 0.5656651785714286,
                "support": 1003.0
            },
            "weighted avg": {
                "precision": 0.9630087330022009,
                "recall": 0.806580259222333,
                "f1-score": 0.8659221264777097,
                "support": 1003.0
            }
        }
    },
    "validation": {
        "accuracy": 0.8023255813953488,
        "auroc": 0.911911231884058,
        "aucpr": 0.290353978800723,
        "recall_died": 0.875,
        "f2": 0.43478260869565216,
        "report": {
            "0": {
                "precision": 0.993993993993994,
                "recall": 0.7995169082125604,
                "f1-score": 0.8862115127175368,
                "support": 414.0
            },
            "1": {
                "precision": 0.14432989690721648,
                "recall": 0.875,
                "f1-score": 0.24778761061946902,
                "support": 16.0
            },
            "accuracy": 0.8023255813953488,
            "macro avg": {
                "precision": 0.5691619454506053,
                "recall": 0.8372584541062802,
                "f1-score": 0.566999561668503,
                "support": 430.0
            },
            "weighted avg": {
                "precision": 0.9623785857303,
                "recall": 0.8023255813953488,
                "f1-score": 0.8624562047324924,
                "support": 430.0
            }
        }
    },
    "testing": {
        "accuracy": 0.8705234159779615,
        "auroc": 0.9606017191977078,
        "aucpr": 0.45275036754628595,
        "recall_died": 1.0,
        "f2": 0.5982905982905983,
        "report": {
            "0": {
                "precision": 1.0,
                "recall": 0.8653295128939829,
                "f1-score": 0.9278033794162827,
                "support": 349.0
            },
            "1": {
                "precision": 0.22950819672131148,
                "recall": 1.0,
                "f1-score": 0.37333333333333335,
                "support": 14.0
            },
            "accuracy": 0.8705234159779615,
            "macro avg": {
                "precision": 0.6147540983606558,
                "recall": 0.9326647564469914,
                "f1-score": 0.650568356374808,
                "support": 363.0
            },
            "weighted avg": {
                "precision": 0.9702840626834665,
                "recall": 0.8705234159779615,
                "f1-score": 0.9064188597326428,
                "support": 363.0
            }
        }
    }
}