{
    "training": {
        "accuracy": 0.8354935194416749,
        "auroc": 0.900939331265081,
        "aucpr": 0.35478593394404145,
        "recall_died": 0.8055555555555556,
        "f2": 0.4380664652567976,
        "report": {
            "0": {
                "precision": 0.991421568627451,
                "recall": 0.8366080661840745,
                "f1-score": 0.907459338194055,
                "support": 967.0
            },
            "1": {
                "precision": 0.15508021390374332,
                "recall": 0.8055555555555556,
                "f1-score": 0.2600896860986547,
                "support": 36.0
            },
            "accuracy": 0.8354935194416749,
            "macro avg": {
                "precision": 0.5732508912655971,
                "recall": 0.821081810869815,
                "f1-score": 0.5837745121463549,
                "support": 1003.0
            },
            "weighted avg": {
                "precision": 0.961403334559601,
                "recall": 0.8354935194416749,
                "f1-score": 0.8842237375206409,
                "support": 1003.0
            }
        }
    },
    "validation": {
        "accuracy": 0.8255813953488372,
        "auroc": 0.9113828502415459,
        "aucpr": 0.40807451744759565,
        "recall_died": 0.8125,
        "f2": 0.436241610738255,
        "report": {
            "0": {
                "precision": 0.991304347826087,
                "recall": 0.8260869565217391,
                "f1-score": 0.9011857707509882,
                "support": 414.0
            },
            "1": {
                "precision": 0.15294117647058825,
                "recall": 0.8125,
                "f1-score": 0.25742574257425743,
                "support": 16.0
            },
            "accuracy": 0.8255813953488372,
            "macro avg": {
                "precision": 0.5721227621483376,
                "recall": 0.8192934782608696,
                "f1-score": 0.5793057566626227,
                "support": 430.0
            },
            "weighted avg": {
                "precision": 0.9601094391244871,
                "recall": 0.8255813953488372,
                "f1-score": 0.8772319092374354,
                "support": 430.0
            }
        }
    },
    "testing": {
        "accuracy": 0.8402203856749312,
        "auroc": 0.9471960704052395,
        "aucpr": 0.44370072629728013,
        "recall_died": 1.0,
        "f2": 0.546875,
        "report": {
            "0": {
                "precision": 1.0,
                "recall": 0.833810888252149,
                "f1-score": 0.909375,
                "support": 349.0
            },
            "1": {
                "precision": 0.19444444444444445,
                "recall": 1.0,
                "f1-score": 0.32558139534883723,
                "support": 14.0
            },
            "accuracy": 0.8402203856749312,
            "macro avg": {
                "precision": 0.5972222222222222,
                "recall": 0.9169054441260744,
                "f1-score": 0.6174781976744186,
                "support": 363.0
            },
            "weighted avg": {
                "precision": 0.9689317416590144,
                "recall": 0.8402203856749312,
                "f1-score": 0.8868595441732333,
                "support": 363.0
            }
        }
    }
}