{
    "training": {
        "accuracy": 0.8345473465140478,
        "auroc": 0.9649522799575821,
        "aucpr": 0.6088265903198303,
        "recall_died": 1.0,
        "report": {
            "0": {
                "precision": 1.0,
                "recall": 0.8271739130434783,
                "f1-score": 0.9054134443783463,
                "support": 920.0
            },
            "1": {
                "precision": 0.205,
                "recall": 1.0,
                "f1-score": 0.34024896265560167,
                "support": 41.0
            },
            "accuracy": 0.8345473465140478,
            "macro avg": {
                "precision": 0.6025,
                "recall": 0.9135869565217392,
                "f1-score": 0.622831203516974,
                "support": 961.0
            },
            "weighted avg": {
                "precision": 0.9660822060353798,
                "recall": 0.8345473465140478,
                "f1-score": 0.8813013280925683,
                "support": 961.0
            }
        }
    },
    "validation": {
        "accuracy": 0.7917675544794189,
        "auroc": 0.8026589423648247,
        "aucpr": 0.27019489017227777,
        "recall_died": 0.7058823529411765,
        "report": {
            "0": {
                "precision": 0.984375,
                "recall": 0.7954545454545454,
                "f1-score": 0.8798882681564246,
                "support": 396.0
            },
            "1": {
                "precision": 0.12903225806451613,
                "recall": 0.7058823529411765,
                "f1-score": 0.21818181818181817,
                "support": 17.0
            },
            "accuracy": 0.7917675544794189,
            "macro avg": {
                "precision": 0.556703629032258,
                "recall": 0.750668449197861,
                "f1-score": 0.5490350431691214,
                "support": 413.0
            },
            "weighted avg": {
                "precision": 0.9491671873779582,
                "recall": 0.7917675544794189,
                "f1-score": 0.8526509566562591,
                "support": 413.0
            }
        }
    },
    "testing": {
        "accuracy": 0.8147058823529412,
        "auroc": 0.8755787037037037,
        "aucpr": 0.34337288264022,
        "recall_died": 0.75,
        "report": {
            "0": {
                "precision": 0.9851301115241635,
                "recall": 0.8179012345679012,
                "f1-score": 0.893760539629005,
                "support": 324.0
            },
            "1": {
                "precision": 0.16901408450704225,
                "recall": 0.75,
                "f1-score": 0.27586206896551724,
                "support": 16.0
            },
            "accuracy": 0.8147058823529412,
            "macro avg": {
                "precision": 0.5770720980156029,
                "recall": 0.7839506172839505,
                "f1-score": 0.5848113042972611,
                "support": 340.0
            },
            "weighted avg": {
                "precision": 0.9467246514292402,
                "recall": 0.8147058823529412,
                "f1-score": 0.8646829645389585,
                "support": 340.0
            }
        }
    }
}