{
    "training": {
        "accuracy": 0.9604578563995838,
        "auroc": 0.8947773064687168,
        "aucpr": 0.38370063079238437,
        "recall_died": 0.14634146341463414,
        "f2": 0.17341040462427745,
        "report": {
            "0": {
                "precision": 0.9632352941176471,
                "recall": 0.9967391304347826,
                "f1-score": 0.9797008547008547,
                "support": 920.0
            },
            "1": {
                "precision": 0.6666666666666666,
                "recall": 0.14634146341463414,
                "f1-score": 0.24,
                "support": 41.0
            },
            "accuracy": 0.9604578563995838,
            "macro avg": {
                "precision": 0.8149509803921569,
                "recall": 0.5715402969247083,
                "f1-score": 0.6098504273504273,
                "support": 961.0
            },
            "weighted avg": {
                "precision": 0.9505825222909144,
                "recall": 0.9604578563995838,
                "f1-score": 0.9481423374867703,
                "support": 961.0
            }
        }
    },
    "validation": {
        "accuracy": 0.9588377723970944,
        "auroc": 0.80941770647653,
        "aucpr": 0.31899541379501484,
        "recall_died": 0.11764705882352941,
        "f2": 0.1388888888888889,
        "report": {
            "0": {
                "precision": 0.9633251833740831,
                "recall": 0.9949494949494949,
                "f1-score": 0.9788819875776398,
                "support": 396.0
            },
            "1": {
                "precision": 0.5,
                "recall": 0.11764705882352941,
                "f1-score": 0.19047619047619047,
                "support": 17.0
            },
            "accuracy": 0.9588377723970944,
            "macro avg": {
                "precision": 0.7316625916870416,
                "recall": 0.5562982768865121,
                "f1-score": 0.5846790890269151,
                "support": 413.0
            },
            "weighted avg": {
                "precision": 0.9442536867218813,
                "recall": 0.9588377723970944,
                "f1-score": 0.9464294487138998,
                "support": 413.0
            }
        }
    },
    "testing": {
        "accuracy": 0.9588235294117647,
        "auroc": 0.908179012345679,
        "aucpr": 0.427196667439169,
        "recall_died": 0.125,
        "f2": 0.15151515151515152,
        "report": {
            "0": {
                "precision": 0.9585798816568047,
                "recall": 1.0,
                "f1-score": 0.9788519637462235,
                "support": 324.0
            },
            "1": {
                "precision": 1.0,
                "recall": 0.125,
                "f1-score": 0.2222222222222222,
                "support": 16.0
            },
            "accuracy": 0.9588235294117647,
            "macro avg": {
                "precision": 0.9792899408284024,
                "recall": 0.5625,
                "f1-score": 0.6005370929842229,
                "support": 340.0
            },
            "weighted avg": {
                "precision": 0.9605290636964845,
                "recall": 0.9588235294117647,
                "f1-score": 0.943245858262741,
                "support": 340.0
            }
        }
    }
}