{
    "training": {
        "accuracy": 0.9604578563995838,
        "auroc": 0.8923117709437963,
        "aucpr": 0.3974966120336197,
        "recall_died": 0.17073170731707318,
        "report": {
            "0": {
                "precision": 0.9642105263157895,
                "recall": 0.9956521739130435,
                "f1-score": 0.9796791443850268,
                "support": 920.0
            },
            "1": {
                "precision": 0.6363636363636364,
                "recall": 0.17073170731707318,
                "f1-score": 0.2692307692307692,
                "support": 41.0
            },
            "accuracy": 0.9604578563995838,
            "macro avg": {
                "precision": 0.8002870813397129,
                "recall": 0.5831919406150583,
                "f1-score": 0.624454956807898,
                "support": 961.0
            },
            "weighted avg": {
                "precision": 0.9502233020826593,
                "recall": 0.9604578563995838,
                "f1-score": 0.9493686517925976,
                "support": 961.0
            }
        }
    },
    "validation": {
        "accuracy": 0.9588377723970944,
        "auroc": 0.8166963755199049,
        "aucpr": 0.34524347409172546,
        "recall_died": 0.17647058823529413,
        "report": {
            "0": {
                "precision": 0.9656019656019657,
                "recall": 0.9924242424242424,
                "f1-score": 0.9788293897882939,
                "support": 396.0
            },
            "1": {
                "precision": 0.5,
                "recall": 0.17647058823529413,
                "f1-score": 0.2608695652173913,
                "support": 17.0
            },
            "accuracy": 0.9588377723970944,
            "macro avg": {
                "precision": 0.7328009828009828,
                "recall": 0.5844474153297683,
                "f1-score": 0.6198494775028426,
                "support": 413.0
            },
            "weighted avg": {
                "precision": 0.9464367515214973,
                "recall": 0.9588377723970944,
                "f1-score": 0.9492765640795642,
                "support": 413.0
            }
        }
    },
    "testing": {
        "accuracy": 0.9588235294117647,
        "auroc": 0.8967978395061729,
        "aucpr": 0.4164011362032873,
        "recall_died": 0.125,
        "report": {
            "0": {
                "precision": 0.9585798816568047,
                "recall": 1.0,
                "f1-score": 0.9788519637462235,
                "support": 324.0
            },
            "1": {
                "precision": 1.0,
                "recall": 0.125,
                "f1-score": 0.2222222222222222,
                "support": 16.0
            },
            "accuracy": 0.9588235294117647,
            "macro avg": {
                "precision": 0.9792899408284024,
                "recall": 0.5625,
                "f1-score": 0.6005370929842229,
                "support": 340.0
            },
            "weighted avg": {
                "precision": 0.9605290636964845,
                "recall": 0.9588235294117647,
                "f1-score": 0.943245858262741,
                "support": 340.0
            }
        }
    }
}