{
    "training": {
        "accuracy": 0.8231009365244537,
        "auroc": 0.9055408271474019,
        "aucpr": 0.32447682244394516,
        "recall_died": 0.8292682926829268,
        "report": {
            "0": {
                "precision": 0.9908376963350786,
                "recall": 0.8228260869565217,
                "f1-score": 0.8990498812351544,
                "support": 920.0
            },
            "1": {
                "precision": 0.17258883248730963,
                "recall": 0.8292682926829268,
                "f1-score": 0.2857142857142857,
                "support": 41.0
            },
            "accuracy": 0.8231009365244537,
            "macro avg": {
                "precision": 0.5817132644111941,
                "recall": 0.8260471898197242,
                "f1-score": 0.59238208347472,
                "support": 961.0
            },
            "weighted avg": {
                "precision": 0.9559280153592633,
                "recall": 0.8231009365244537,
                "f1-score": 0.8728825977634004,
                "support": 961.0
            }
        }
    },
    "validation": {
        "accuracy": 0.7990314769975787,
        "auroc": 0.791592394533571,
        "aucpr": 0.23725619336282236,
        "recall_died": 0.6470588235294118,
        "report": {
            "0": {
                "precision": 0.9815384615384616,
                "recall": 0.8055555555555556,
                "f1-score": 0.8848821081830791,
                "support": 396.0
            },
            "1": {
                "precision": 0.125,
                "recall": 0.6470588235294118,
                "f1-score": 0.20952380952380953,
                "support": 17.0
            },
            "accuracy": 0.7990314769975787,
            "macro avg": {
                "precision": 0.5532692307692308,
                "recall": 0.7263071895424837,
                "f1-score": 0.5472029588534443,
                "support": 413.0
            },
            "weighted avg": {
                "precision": 0.9462814304339728,
                "recall": 0.7990314769975787,
                "f1-score": 0.8570828561801551,
                "support": 413.0
            }
        }
    },
    "testing": {
        "accuracy": 0.8205882352941176,
        "auroc": 0.8672839506172839,
        "aucpr": 0.35926649372664765,
        "recall_died": 0.6875,
        "report": {
            "0": {
                "precision": 0.9816849816849816,
                "recall": 0.8271604938271605,
                "f1-score": 0.897822445561139,
                "support": 324.0
            },
            "1": {
                "precision": 0.16417910447761194,
                "recall": 0.6875,
                "f1-score": 0.26506024096385544,
                "support": 16.0
            },
            "accuracy": 0.8205882352941176,
            "macro avg": {
                "precision": 0.5729320430812967,
                "recall": 0.7573302469135803,
                "f1-score": 0.5814413432624972,
                "support": 340.0
            },
            "weighted avg": {
                "precision": 0.943214116875223,
                "recall": 0.8205882352941176,
                "f1-score": 0.8680454006389139,
                "support": 340.0
            }
        }
    }
}