{
    "training": {
        "accuracy": 0.8210197710718002,
        "auroc": 0.9056998939554614,
        "aucpr": 0.32405551721265685,
        "recall_died": 0.8292682926829268,
        "f2": 0.46831955922865015,
        "report": {
            "0": {
                "precision": 0.9908136482939632,
                "recall": 0.8206521739130435,
                "f1-score": 0.8977407847800237,
                "support": 920.0
            },
            "1": {
                "precision": 0.1708542713567839,
                "recall": 0.8292682926829268,
                "f1-score": 0.2833333333333333,
                "support": 41.0
            },
            "accuracy": 0.8210197710718002,
            "macro avg": {
                "precision": 0.5808339598253736,
                "recall": 0.8249602332979851,
                "f1-score": 0.5905370590566785,
                "support": 961.0
            },
            "weighted avg": {
                "precision": 0.955830990172814,
                "recall": 0.8210197710718002,
                "f1-score": 0.8715277717630474,
                "support": 961.0
            }
        }
    },
    "validation": {
        "accuracy": 0.7941888619854721,
        "auroc": 0.7896613190730838,
        "aucpr": 0.2355344846968435,
        "recall_died": 0.6470588235294118,
        "f2": 0.34810126582278483,
        "report": {
            "0": {
                "precision": 0.9814241486068112,
                "recall": 0.8005050505050505,
                "f1-score": 0.8817802503477051,
                "support": 396.0
            },
            "1": {
                "precision": 0.12222222222222222,
                "recall": 0.6470588235294118,
                "f1-score": 0.205607476635514,
                "support": 17.0
            },
            "accuracy": 0.7941888619854721,
            "macro avg": {
                "precision": 0.5518231854145167,
                "recall": 0.7237819370172311,
                "f1-score": 0.5436938634916095,
                "support": 413.0
            },
            "weighted avg": {
                "precision": 0.9460574833561138,
                "recall": 0.7941888619854721,
                "f1-score": 0.853947472737276,
                "support": 413.0
            }
        }
    },
    "testing": {
        "accuracy": 0.8117647058823529,
        "auroc": 0.8690200617283951,
        "aucpr": 0.3599589630774103,
        "recall_died": 0.6875,
        "f2": 0.41044776119402987,
        "report": {
            "0": {
                "precision": 0.9814814814814815,
                "recall": 0.8179012345679012,
                "f1-score": 0.8922558922558923,
                "support": 324.0
            },
            "1": {
                "precision": 0.15714285714285714,
                "recall": 0.6875,
                "f1-score": 0.2558139534883721,
                "support": 16.0
            },
            "accuracy": 0.8117647058823529,
            "macro avg": {
                "precision": 0.5693121693121693,
                "recall": 0.7527006172839505,
                "f1-score": 0.5740349228721322,
                "support": 340.0
            },
            "weighted avg": {
                "precision": 0.9426890756302522,
                "recall": 0.8117647058823529,
                "f1-score": 0.8623056833727148,
                "support": 340.0
            }
        }
    }
}