{
    "training": {
        "accuracy": 0.8678459937565036,
        "auroc": 0.937685577942736,
        "aucpr": 0.4144373423172676,
        "recall_died": 0.8536585365853658,
        "report": {
            "0": {
                "precision": 0.9925465838509316,
                "recall": 0.8684782608695653,
                "f1-score": 0.9263768115942029,
                "support": 920.0
            },
            "1": {
                "precision": 0.22435897435897437,
                "recall": 0.8536585365853658,
                "f1-score": 0.3553299492385787,
                "support": 41.0
            },
            "accuracy": 0.8678459937565036,
            "macro avg": {
                "precision": 0.608452779104953,
                "recall": 0.8610683987274655,
                "f1-score": 0.6408533804163908,
                "support": 961.0
            },
            "weighted avg": {
                "precision": 0.9597727108132934,
                "recall": 0.8678459937565036,
                "f1-score": 0.9020137300576986,
                "support": 961.0
            }
        }
    },
    "validation": {
        "accuracy": 0.8305084745762712,
        "auroc": 0.7895870469399882,
        "aucpr": 0.20973480579574078,
        "recall_died": 0.5882352941176471,
        "report": {
            "0": {
                "precision": 0.9794117647058823,
                "recall": 0.8409090909090909,
                "f1-score": 0.904891304347826,
                "support": 396.0
            },
            "1": {
                "precision": 0.136986301369863,
                "recall": 0.5882352941176471,
                "f1-score": 0.2222222222222222,
                "support": 17.0
            },
            "accuracy": 0.8305084745762712,
            "macro avg": {
                "precision": 0.5581990330378727,
                "recall": 0.714572192513369,
                "f1-score": 0.5635567632850241,
                "support": 413.0
            },
            "weighted avg": {
                "precision": 0.9447356560455619,
                "recall": 0.8305084745762712,
                "f1-score": 0.8767911242119053,
                "support": 413.0
            }
        }
    },
    "testing": {
        "accuracy": 0.8382352941176471,
        "auroc": 0.8758680555555555,
        "aucpr": 0.31796883942273146,
        "recall_died": 0.6875,
        "report": {
            "0": {
                "precision": 0.982078853046595,
                "recall": 0.845679012345679,
                "f1-score": 0.9087893864013267,
                "support": 324.0
            },
            "1": {
                "precision": 0.18032786885245902,
                "recall": 0.6875,
                "f1-score": 0.2857142857142857,
                "support": 16.0
            },
            "accuracy": 0.8382352941176471,
            "macro avg": {
                "precision": 0.5812033609495271,
                "recall": 0.7665895061728395,
                "f1-score": 0.5972518360578062,
                "support": 340.0
            },
            "weighted avg": {
                "precision": 0.9443493949668709,
                "recall": 0.8382352941176471,
                "f1-score": 0.8794682051925248,
                "support": 340.0
            }
        }
    }
}