{
    "training": {
        "accuracy": 0.8116545265348595,
        "auroc": 0.9419538706256628,
        "aucpr": 0.407665438229294,
        "recall_died": 0.9512195121951219,
        "report": {
            "0": {
                "precision": 0.9973082099596231,
                "recall": 0.8054347826086956,
                "f1-score": 0.8911605532170775,
                "support": 920.0
            },
            "1": {
                "precision": 0.17889908256880735,
                "recall": 0.9512195121951219,
                "f1-score": 0.30115830115830117,
                "support": 41.0
            },
            "accuracy": 0.8116545265348595,
            "macro avg": {
                "precision": 0.5881036462642152,
                "recall": 0.8783271474019088,
                "f1-score": 0.5961594271876893,
                "support": 961.0
            },
            "weighted avg": {
                "precision": 0.962391691517351,
                "recall": 0.8116545265348595,
                "f1-score": 0.8659887609856416,
                "support": 961.0
            }
        }
    },
    "validation": {
        "accuracy": 0.8087167070217918,
        "auroc": 0.8511586452762925,
        "aucpr": 0.3190466899185752,
        "recall_died": 0.7647058823529411,
        "report": {
            "0": {
                "precision": 0.9876923076923076,
                "recall": 0.8106060606060606,
                "f1-score": 0.8904299583911235,
                "support": 396.0
            },
            "1": {
                "precision": 0.14772727272727273,
                "recall": 0.7647058823529411,
                "f1-score": 0.24761904761904763,
                "support": 17.0
            },
            "accuracy": 0.8087167070217918,
            "macro avg": {
                "precision": 0.5677097902097902,
                "recall": 0.7876559714795008,
                "f1-score": 0.5690245030050856,
                "support": 413.0
            },
            "weighted avg": {
                "precision": 0.9531174757445944,
                "recall": 0.8087167070217918,
                "f1-score": 0.8639704293762923,
                "support": 413.0
            }
        }
    },
    "testing": {
        "accuracy": 0.8470588235294118,
        "auroc": 0.8969907407407407,
        "aucpr": 0.5748717357576079,
        "recall_died": 0.8125,
        "report": {
            "0": {
                "precision": 0.9892086330935251,
                "recall": 0.8487654320987654,
                "f1-score": 0.9136212624584718,
                "support": 324.0
            },
            "1": {
                "precision": 0.20967741935483872,
                "recall": 0.8125,
                "f1-score": 0.3333333333333333,
                "support": 16.0
            },
            "accuracy": 0.8470588235294118,
            "macro avg": {
                "precision": 0.5994430262241819,
                "recall": 0.8306327160493827,
                "f1-score": 0.6234772978959026,
                "support": 340.0
            },
            "weighted avg": {
                "precision": 0.9525248112705282,
                "recall": 0.8470588235294118,
                "f1-score": 0.886313595205524,
                "support": 340.0
            }
        }
    }
}