{
    "training": {
        "accuracy": 0.9604578563995838,
        "auroc": 0.9051299045599152,
        "aucpr": 0.442475904034706,
        "recall_died": 0.1951219512195122,
        "report": {
            "0": {
                "precision": 0.9651898734177216,
                "recall": 0.9945652173913043,
                "f1-score": 0.9796573875802997,
                "support": 920.0
            },
            "1": {
                "precision": 0.6153846153846154,
                "recall": 0.1951219512195122,
                "f1-score": 0.2962962962962963,
                "support": 41.0
            },
            "accuracy": 0.9604578563995838,
            "macro avg": {
                "precision": 0.7902872444011685,
                "recall": 0.5948435843054083,
                "f1-score": 0.6379768419382981,
                "support": 961.0
            },
            "weighted avg": {
                "precision": 0.9502658197451334,
                "recall": 0.9604578563995838,
                "f1-score": 0.9505025439355087,
                "support": 961.0
            }
        }
    },
    "validation": {
        "accuracy": 0.9612590799031477,
        "auroc": 0.85650623885918,
        "aucpr": 0.35343107204892016,
        "recall_died": 0.23529411764705882,
        "report": {
            "0": {
                "precision": 0.9679802955665024,
                "recall": 0.9924242424242424,
                "f1-score": 0.9800498753117207,
                "support": 396.0
            },
            "1": {
                "precision": 0.5714285714285714,
                "recall": 0.23529411764705882,
                "f1-score": 0.3333333333333333,
                "support": 17.0
            },
            "accuracy": 0.9612590799031477,
            "macro avg": {
                "precision": 0.7697044334975369,
                "recall": 0.6138591800356507,
                "f1-score": 0.656691604322527,
                "support": 413.0
            },
            "weighted avg": {
                "precision": 0.9516573432412123,
                "recall": 0.9612590799031477,
                "f1-score": 0.9534295818162424,
                "support": 413.0
            }
        }
    },
    "testing": {
        "accuracy": 0.9588235294117647,
        "auroc": 0.9089506172839505,
        "aucpr": 0.4981613979534003,
        "recall_died": 0.1875,
        "report": {
            "0": {
                "precision": 0.9613095238095238,
                "recall": 0.9969135802469136,
                "f1-score": 0.9787878787878788,
                "support": 324.0
            },
            "1": {
                "precision": 0.75,
                "recall": 0.1875,
                "f1-score": 0.3,
                "support": 16.0
            },
            "accuracy": 0.9588235294117647,
            "macro avg": {
                "precision": 0.8556547619047619,
                "recall": 0.5922067901234568,
                "f1-score": 0.6393939393939394,
                "support": 340.0
            },
            "weighted avg": {
                "precision": 0.9513655462184875,
                "recall": 0.9588235294117647,
                "f1-score": 0.9468449197860963,
                "support": 340.0
            }
        }
    }
}