{
    "training": {
        "accuracy": 0.8397502601456815,
        "auroc": 0.9143027571580062,
        "aucpr": 0.36841575496615053,
        "recall_died": 0.8048780487804879,
        "report": {
            "0": {
                "precision": 0.989769820971867,
                "recall": 0.841304347826087,
                "f1-score": 0.9095182138660399,
                "support": 920.0
            },
            "1": {
                "precision": 0.18435754189944134,
                "recall": 0.8048780487804879,
                "f1-score": 0.3,
                "support": 41.0
            },
            "accuracy": 0.8397502601456815,
            "macro avg": {
                "precision": 0.5870636814356542,
                "recall": 0.8230911983032874,
                "f1-score": 0.6047591069330199,
                "support": 961.0
            },
            "weighted avg": {
                "precision": 0.955407798659724,
                "recall": 0.8397502601456815,
                "f1-score": 0.8835137947520881,
                "support": 961.0
            }
        }
    },
    "validation": {
        "accuracy": 0.8280871670702179,
        "auroc": 0.8669043374925729,
        "aucpr": 0.36025029702707967,
        "recall_died": 0.7058823529411765,
        "report": {
            "0": {
                "precision": 0.9850746268656716,
                "recall": 0.8333333333333334,
                "f1-score": 0.9028727770177839,
                "support": 396.0
            },
            "1": {
                "precision": 0.15384615384615385,
                "recall": 0.7058823529411765,
                "f1-score": 0.25263157894736843,
                "support": 17.0
            },
            "accuracy": 0.8280871670702179,
            "macro avg": {
                "precision": 0.5694603903559128,
                "recall": 0.7696078431372549,
                "f1-score": 0.5777521779825762,
                "support": 413.0
            },
            "weighted avg": {
                "precision": 0.9508594112692266,
                "recall": 0.8280871670702179,
                "f1-score": 0.8761074008260233,
                "support": 413.0
            }
        }
    },
    "testing": {
        "accuracy": 0.861764705882353,
        "auroc": 0.918016975308642,
        "aucpr": 0.4694409505225821,
        "recall_died": 0.75,
        "report": {
            "0": {
                "precision": 0.9859649122807017,
                "recall": 0.8672839506172839,
                "f1-score": 0.922824302134647,
                "support": 324.0
            },
            "1": {
                "precision": 0.21818181818181817,
                "recall": 0.75,
                "f1-score": 0.3380281690140845,
                "support": 16.0
            },
            "accuracy": 0.861764705882353,
            "macro avg": {
                "precision": 0.60207336523126,
                "recall": 0.808641975308642,
                "f1-score": 0.6304262355743657,
                "support": 340.0
            },
            "weighted avg": {
                "precision": 0.9498339431466367,
                "recall": 0.861764705882353,
                "f1-score": 0.895304484105444,
                "support": 340.0
            }
        }
    }
}