{
    "training": {
        "accuracy": 0.8324661810613944,
        "auroc": 0.9339209968186637,
        "aucpr": 0.453615251743056,
        "recall_died": 0.9024390243902439,
        "report": {
            "0": {
                "precision": 0.9947848761408083,
                "recall": 0.8293478260869566,
                "f1-score": 0.9045643153526971,
                "support": 920.0
            },
            "1": {
                "precision": 0.19072164948453607,
                "recall": 0.9024390243902439,
                "f1-score": 0.3148936170212766,
                "support": 41.0
            },
            "accuracy": 0.8324661810613944,
            "macro avg": {
                "precision": 0.5927532628126722,
                "recall": 0.8658934252386002,
                "f1-score": 0.6097289661869869,
                "support": 961.0
            },
            "weighted avg": {
                "precision": 0.9604804096549528,
                "recall": 0.8324661810613944,
                "f1-score": 0.8794066684936043,
                "support": 961.0
            }
        }
    },
    "validation": {
        "accuracy": 0.8159806295399515,
        "auroc": 0.8686868686868686,
        "aucpr": 0.3711150196878933,
        "recall_died": 0.7647058823529411,
        "report": {
            "0": {
                "precision": 0.9878048780487805,
                "recall": 0.8181818181818182,
                "f1-score": 0.8950276243093923,
                "support": 396.0
            },
            "1": {
                "precision": 0.15294117647058825,
                "recall": 0.7647058823529411,
                "f1-score": 0.2549019607843137,
                "support": 17.0
            },
            "accuracy": 0.8159806295399515,
            "macro avg": {
                "precision": 0.5703730272596843,
                "recall": 0.7914438502673797,
                "f1-score": 0.5749647925468531,
                "support": 413.0
            },
            "weighted avg": {
                "precision": 0.9534400283470148,
                "recall": 0.8159806295399515,
                "f1-score": 0.868678626052912,
                "support": 413.0
            }
        }
    },
    "testing": {
        "accuracy": 0.8352941176470589,
        "auroc": 0.9014274691358025,
        "aucpr": 0.47253022324197924,
        "recall_died": 0.8125,
        "report": {
            "0": {
                "precision": 0.9890510948905109,
                "recall": 0.8364197530864198,
                "f1-score": 0.9063545150501672,
                "support": 324.0
            },
            "1": {
                "precision": 0.19696969696969696,
                "recall": 0.8125,
                "f1-score": 0.3170731707317073,
                "support": 16.0
            },
            "accuracy": 0.8352941176470589,
            "macro avg": {
                "precision": 0.593010395930104,
                "recall": 0.8244598765432098,
                "f1-score": 0.6117138428909372,
                "support": 340.0
            },
            "weighted avg": {
                "precision": 0.9517766761648254,
                "recall": 0.8352941176470589,
                "f1-score": 0.8786236282587102,
                "support": 340.0
            }
        }
    }
}