{
    "training": {
        "accuracy": 0.847457627118644,
        "auroc": 0.9778381018039757,
        "aucpr": 0.6621264405233529,
        "recall_died": 1.0,
        "report": {
            "0": {
                "precision": 1.0,
                "recall": 0.8417786970010341,
                "f1-score": 0.914093206064009,
                "support": 967.0
            },
            "1": {
                "precision": 0.19047619047619047,
                "recall": 1.0,
                "f1-score": 0.32,
                "support": 36.0
            },
            "accuracy": 0.847457627118644,
            "macro avg": {
                "precision": 0.5952380952380952,
                "recall": 0.9208893485005171,
                "f1-score": 0.6170466030320045,
                "support": 1003.0
            },
            "weighted avg": {
                "precision": 0.9709443099273608,
                "recall": 0.847457627118644,
                "f1-score": 0.8927698208014923,
                "support": 1003.0
            }
        }
    },
    "validation": {
        "accuracy": 0.8302325581395349,
        "auroc": 0.9213466183574879,
        "aucpr": 0.44189855432232567,
        "recall_died": 0.9375,
        "report": {
            "0": {
                "precision": 0.9970845481049563,
                "recall": 0.8260869565217391,
                "f1-score": 0.9035667107001321,
                "support": 414.0
            },
            "1": {
                "precision": 0.1724137931034483,
                "recall": 0.9375,
                "f1-score": 0.2912621359223301,
                "support": 16.0
            },
            "accuracy": 0.8302325581395349,
            "macro avg": {
                "precision": 0.5847491706042023,
                "recall": 0.8817934782608696,
                "f1-score": 0.5974144233112311,
                "support": 430.0
            },
            "weighted avg": {
                "precision": 0.9663991246630397,
                "recall": 0.8302325581395349,
                "f1-score": 0.8807832846618883,
                "support": 430.0
            }
        }
    },
    "testing": {
        "accuracy": 0.8539944903581267,
        "auroc": 0.9529267294310274,
        "aucpr": 0.5585173252148703,
        "recall_died": 0.9285714285714286,
        "report": {
            "0": {
                "precision": 0.9966442953020134,
                "recall": 0.8510028653295129,
                "f1-score": 0.9180834621329211,
                "support": 349.0
            },
            "1": {
                "precision": 0.2,
                "recall": 0.9285714285714286,
                "f1-score": 0.3291139240506329,
                "support": 14.0
            },
            "accuracy": 0.8539944903581267,
            "macro avg": {
                "precision": 0.5983221476510067,
                "recall": 0.8897871469504708,
                "f1-score": 0.623598693091777,
                "support": 363.0
            },
            "weighted avg": {
                "precision": 0.965919721929484,
                "recall": 0.8539944903581267,
                "f1-score": 0.8953683835291965,
                "support": 363.0
            }
        }
    }
}