{
    "training": {
        "accuracy": 0.9690927218344965,
        "auroc": 0.9101028381018039,
        "aucpr": 0.4510040958021055,
        "recall_died": 0.2222222222222222,
        "report": {
            "0": {
                "precision": 0.9717741935483871,
                "recall": 0.9968976215098242,
                "f1-score": 0.9841755997958141,
                "support": 967.0
            },
            "1": {
                "precision": 0.7272727272727273,
                "recall": 0.2222222222222222,
                "f1-score": 0.3404255319148936,
                "support": 36.0
            },
            "accuracy": 0.9690927218344965,
            "macro avg": {
                "precision": 0.8495234604105573,
                "recall": 0.6095599218660233,
                "f1-score": 0.6623005658553539,
                "support": 1003.0
            },
            "weighted avg": {
                "precision": 0.9629984679392907,
                "recall": 0.9690927218344965,
                "f1-score": 0.9610699144082637,
                "support": 1003.0
            }
        }
    },
    "validation": {
        "accuracy": 0.9651162790697675,
        "auroc": 0.882548309178744,
        "aucpr": 0.3708780052047206,
        "recall_died": 0.1875,
        "report": {
            "0": {
                "precision": 0.9694117647058823,
                "recall": 0.9951690821256038,
                "f1-score": 0.9821215733015495,
                "support": 414.0
            },
            "1": {
                "precision": 0.6,
                "recall": 0.1875,
                "f1-score": 0.2857142857142857,
                "support": 16.0
            },
            "accuracy": 0.9651162790697675,
            "macro avg": {
                "precision": 0.7847058823529411,
                "recall": 0.5913345410628019,
                "f1-score": 0.6339179295079176,
                "support": 430.0
            },
            "weighted avg": {
                "precision": 0.9556662106703147,
                "recall": 0.9651162790697675,
                "f1-score": 0.9562087439959768,
                "support": 430.0
            }
        }
    },
    "testing": {
        "accuracy": 0.9669421487603306,
        "auroc": 0.9777936962750716,
        "aucpr": 0.6215126441326131,
        "recall_died": 0.14285714285714285,
        "report": {
            "0": {
                "precision": 0.9667590027700831,
                "recall": 1.0,
                "f1-score": 0.9830985915492958,
                "support": 349.0
            },
            "1": {
                "precision": 1.0,
                "recall": 0.14285714285714285,
                "f1-score": 0.25,
                "support": 14.0
            },
            "accuracy": 0.9669421487603306,
            "macro avg": {
                "precision": 0.9833795013850415,
                "recall": 0.5714285714285714,
                "f1-score": 0.6165492957746479,
                "support": 363.0
            },
            "weighted avg": {
                "precision": 0.9680410247018154,
                "recall": 0.9669421487603306,
                "f1-score": 0.9548248166686067,
                "support": 363.0
            }
        }
    }
}