{
    "training": {
        "accuracy": 0.8364905284147557,
        "auroc": 0.9164512237159601,
        "aucpr": 0.4038511338212028,
        "recall_died": 0.8333333333333334,
        "report": {
            "0": {
                "precision": 0.992638036809816,
                "recall": 0.8366080661840745,
                "f1-score": 0.9079685746352413,
                "support": 967.0
            },
            "1": {
                "precision": 0.1595744680851064,
                "recall": 0.8333333333333334,
                "f1-score": 0.26785714285714285,
                "support": 36.0
            },
            "accuracy": 0.8364905284147557,
            "macro avg": {
                "precision": 0.5761062524474612,
                "recall": 0.8349706997587039,
                "f1-score": 0.587912858746192,
                "support": 1003.0
            },
            "weighted avg": {
                "precision": 0.9627374500958682,
                "recall": 0.8364905284147557,
                "f1-score": 0.8849934883500852,
                "support": 1003.0
            }
        }
    },
    "validation": {
        "accuracy": 0.8372093023255814,
        "auroc": 0.8900966183574879,
        "aucpr": 0.3210929976547609,
        "recall_died": 0.8125,
        "report": {
            "0": {
                "precision": 0.9914285714285714,
                "recall": 0.8381642512077294,
                "f1-score": 0.9083769633507853,
                "support": 414.0
            },
            "1": {
                "precision": 0.1625,
                "recall": 0.8125,
                "f1-score": 0.2708333333333333,
                "support": 16.0
            },
            "accuracy": 0.8372093023255814,
            "macro avg": {
                "precision": 0.5769642857142857,
                "recall": 0.8253321256038647,
                "f1-score": 0.5896051483420593,
                "support": 430.0
            },
            "weighted avg": {
                "precision": 0.9605847176079735,
                "recall": 0.8372093023255814,
                "f1-score": 0.8846544096757173,
                "support": 430.0
            }
        }
    },
    "testing": {
        "accuracy": 0.8925619834710744,
        "auroc": 0.9683790421612771,
        "aucpr": 0.5564304311975119,
        "recall_died": 1.0,
        "report": {
            "0": {
                "precision": 1.0,
                "recall": 0.8882521489971347,
                "f1-score": 0.9408194233687405,
                "support": 349.0
            },
            "1": {
                "precision": 0.2641509433962264,
                "recall": 1.0,
                "f1-score": 0.417910447761194,
                "support": 14.0
            },
            "accuracy": 0.8925619834710744,
            "macro avg": {
                "precision": 0.6320754716981132,
                "recall": 0.9441260744985673,
                "f1-score": 0.6793649355649672,
                "support": 363.0
            },
            "weighted avg": {
                "precision": 0.9716201465772649,
                "recall": 0.8925619834710744,
                "f1-score": 0.9206521350532979,
                "support": 363.0
            }
        }
    }
}