{
    "training": {
        "accuracy": 0.8235294117647058,
        "auroc": 0.919338159255429,
        "aucpr": 0.3402567597050862,
        "recall_died": 0.8611111111111112,
        "report": {
            "0": {
                "precision": 0.99375,
                "recall": 0.8221302998965874,
                "f1-score": 0.8998302207130731,
                "support": 967.0
            },
            "1": {
                "precision": 0.15270935960591134,
                "recall": 0.8611111111111112,
                "f1-score": 0.2594142259414226,
                "support": 36.0
            },
            "accuracy": 0.8235294117647058,
            "macro avg": {
                "precision": 0.5732296798029557,
                "recall": 0.8416207055038493,
                "f1-score": 0.5796222233272479,
                "support": 1003.0
            },
            "weighted avg": {
                "precision": 0.9635630976528543,
                "recall": 0.8235294117647058,
                "f1-score": 0.8768442029545692,
                "support": 1003.0
            }
        }
    },
    "validation": {
        "accuracy": 0.8232558139534883,
        "auroc": 0.9241394927536232,
        "aucpr": 0.41461596043566357,
        "recall_died": 0.9375,
        "report": {
            "0": {
                "precision": 0.9970588235294118,
                "recall": 0.8188405797101449,
                "f1-score": 0.8992042440318302,
                "support": 414.0
            },
            "1": {
                "precision": 0.16666666666666666,
                "recall": 0.9375,
                "f1-score": 0.2830188679245283,
                "support": 16.0
            },
            "accuracy": 0.8232558139534883,
            "macro avg": {
                "precision": 0.5818627450980393,
                "recall": 0.8781702898550725,
                "f1-score": 0.5911115559781792,
                "support": 430.0
            },
            "weighted avg": {
                "precision": 0.9661605107159144,
                "recall": 0.8232558139534883,
                "f1-score": 0.8762764160836516,
                "support": 430.0
            }
        }
    },
    "testing": {
        "accuracy": 0.8898071625344353,
        "auroc": 0.9576340564879248,
        "aucpr": 0.4748608585699059,
        "recall_died": 0.9285714285714286,
        "report": {
            "0": {
                "precision": 0.9967845659163987,
                "recall": 0.8882521489971347,
                "f1-score": 0.9393939393939394,
                "support": 349.0
            },
            "1": {
                "precision": 0.25,
                "recall": 0.9285714285714286,
                "f1-score": 0.3939393939393939,
                "support": 14.0
            },
            "accuracy": 0.8898071625344353,
            "macro avg": {
                "precision": 0.6233922829581994,
                "recall": 0.9084117887842816,
                "f1-score": 0.6666666666666667,
                "support": 363.0
            },
            "weighted avg": {
                "precision": 0.9679829573135624,
                "recall": 0.8898071625344353,
                "f1-score": 0.9183571249686953,
                "support": 363.0
            }
        }
    }
}