{
    "training": {
        "accuracy": 0.8035892323030908,
        "auroc": 0.9257727220498678,
        "aucpr": 0.4193675391105877,
        "recall_died": 0.9444444444444444,
        "report": {
            "0": {
                "precision": 0.9974160206718347,
                "recall": 0.7983453981385729,
                "f1-score": 0.8868466398621482,
                "support": 967.0
            },
            "1": {
                "precision": 0.14847161572052403,
                "recall": 0.9444444444444444,
                "f1-score": 0.25660377358490566,
                "support": 36.0
            },
            "accuracy": 0.8035892323030908,
            "macro avg": {
                "precision": 0.5729438181961793,
                "recall": 0.8713949212915086,
                "f1-score": 0.5717252067235269,
                "support": 1003.0
            },
            "weighted avg": {
                "precision": 0.9669454338540409,
                "recall": 0.8035892323030908,
                "f1-score": 0.8642257593178004,
                "support": 1003.0
            }
        }
    },
    "validation": {
        "accuracy": 0.7976744186046512,
        "auroc": 0.9214975845410628,
        "aucpr": 0.39561681852547725,
        "recall_died": 0.9375,
        "report": {
            "0": {
                "precision": 0.9969604863221885,
                "recall": 0.7922705314009661,
                "f1-score": 0.882907133243607,
                "support": 414.0
            },
            "1": {
                "precision": 0.1485148514851485,
                "recall": 0.9375,
                "f1-score": 0.2564102564102564,
                "support": 16.0
            },
            "accuracy": 0.7976744186046512,
            "macro avg": {
                "precision": 0.5727376689036685,
                "recall": 0.8648852657004831,
                "f1-score": 0.5696586948269318,
                "support": 430.0
            },
            "weighted avg": {
                "precision": 0.9653904161887173,
                "recall": 0.7976744186046512,
                "f1-score": 0.8595956215474824,
                "support": 430.0
            }
        }
    },
    "testing": {
        "accuracy": 0.8512396694214877,
        "auroc": 0.9674580433892754,
        "aucpr": 0.5595445036068654,
        "recall_died": 1.0,
        "report": {
            "0": {
                "precision": 1.0,
                "recall": 0.8452722063037249,
                "f1-score": 0.9161490683229814,
                "support": 349.0
            },
            "1": {
                "precision": 0.20588235294117646,
                "recall": 1.0,
                "f1-score": 0.34146341463414637,
                "support": 14.0
            },
            "accuracy": 0.8512396694214877,
            "macro avg": {
                "precision": 0.6029411764705882,
                "recall": 0.9226361031518624,
                "f1-score": 0.6288062414785639,
                "support": 363.0
            },
            "weighted avg": {
                "precision": 0.9693728731161886,
                "recall": 0.8512396694214877,
                "f1-score": 0.8939848833322274,
                "support": 363.0
            }
        }
    }
}