{
    "training": {
        "accuracy": 0.967098703888335,
        "auroc": 0.9124870734229575,
        "aucpr": 0.45104279972341516,
        "recall_died": 0.2222222222222222,
        "report": {
            "0": {
                "precision": 0.9717171717171718,
                "recall": 0.9948293691830403,
                "f1-score": 0.9831374552887072,
                "support": 967.0
            },
            "1": {
                "precision": 0.6153846153846154,
                "recall": 0.2222222222222222,
                "f1-score": 0.32653061224489793,
                "support": 36.0
            },
            "accuracy": 0.967098703888335,
            "macro avg": {
                "precision": 0.7935508935508936,
                "recall": 0.6085257957026313,
                "f1-score": 0.6548340337668026,
                "support": 1003.0
            },
            "weighted avg": {
                "precision": 0.9589275684988547,
                "recall": 0.967098703888335,
                "f1-score": 0.9595703103738746,
                "support": 1003.0
            }
        }
    },
    "validation": {
        "accuracy": 0.9604651162790697,
        "auroc": 0.876207729468599,
        "aucpr": 0.36682700546092545,
        "recall_died": 0.1875,
        "report": {
            "0": {
                "precision": 0.9692671394799054,
                "recall": 0.9903381642512077,
                "f1-score": 0.9796893667861409,
                "support": 414.0
            },
            "1": {
                "precision": 0.42857142857142855,
                "recall": 0.1875,
                "f1-score": 0.2608695652173913,
                "support": 16.0
            },
            "accuracy": 0.9604651162790697,
            "macro avg": {
                "precision": 0.6989192840256669,
                "recall": 0.5889190821256038,
                "f1-score": 0.6202794660017661,
                "support": 430.0
            },
            "weighted avg": {
                "precision": 0.9491482293065666,
                "recall": 0.9604651162790697,
                "f1-score": 0.9529425834719548,
                "support": 430.0
            }
        }
    },
    "testing": {
        "accuracy": 0.9669421487603306,
        "auroc": 0.9768726975030699,
        "aucpr": 0.651922188961007,
        "recall_died": 0.14285714285714285,
        "report": {
            "0": {
                "precision": 0.9667590027700831,
                "recall": 1.0,
                "f1-score": 0.9830985915492958,
                "support": 349.0
            },
            "1": {
                "precision": 1.0,
                "recall": 0.14285714285714285,
                "f1-score": 0.25,
                "support": 14.0
            },
            "accuracy": 0.9669421487603306,
            "macro avg": {
                "precision": 0.9833795013850415,
                "recall": 0.5714285714285714,
                "f1-score": 0.6165492957746479,
                "support": 363.0
            },
            "weighted avg": {
                "precision": 0.9680410247018154,
                "recall": 0.9669421487603306,
                "f1-score": 0.9548248166686067,
                "support": 363.0
            }
        }
    }
}