{
    "training": {
        "accuracy": 0.8384845463609173,
        "auroc": 0.9204153740089625,
        "aucpr": 0.39602235792980855,
        "recall_died": 0.8611111111111112,
        "report": {
            "0": {
                "precision": 0.9938650306748467,
                "recall": 0.8376421923474664,
                "f1-score": 0.9090909090909091,
                "support": 967.0
            },
            "1": {
                "precision": 0.16489361702127658,
                "recall": 0.8611111111111112,
                "f1-score": 0.2767857142857143,
                "support": 36.0
            },
            "accuracy": 0.8384845463609173,
            "macro avg": {
                "precision": 0.5793793238480616,
                "recall": 0.8493766517292888,
                "f1-score": 0.5929383116883117,
                "support": 1003.0
            },
            "weighted avg": {
                "precision": 0.9641113209126049,
                "recall": 0.8384845463609173,
                "f1-score": 0.8863960067848402,
                "support": 1003.0
            }
        }
    },
    "validation": {
        "accuracy": 0.8372093023255814,
        "auroc": 0.8594504830917875,
        "aucpr": 0.3109901897443433,
        "recall_died": 0.8125,
        "report": {
            "0": {
                "precision": 0.9914285714285714,
                "recall": 0.8381642512077294,
                "f1-score": 0.9083769633507853,
                "support": 414.0
            },
            "1": {
                "precision": 0.1625,
                "recall": 0.8125,
                "f1-score": 0.2708333333333333,
                "support": 16.0
            },
            "accuracy": 0.8372093023255814,
            "macro avg": {
                "precision": 0.5769642857142857,
                "recall": 0.8253321256038647,
                "f1-score": 0.5896051483420593,
                "support": 430.0
            },
            "weighted avg": {
                "precision": 0.9605847176079735,
                "recall": 0.8372093023255814,
                "f1-score": 0.8846544096757173,
                "support": 430.0
            }
        }
    },
    "testing": {
        "accuracy": 0.8842975206611571,
        "auroc": 0.9674580433892754,
        "aucpr": 0.5802803021597555,
        "recall_died": 1.0,
        "report": {
            "0": {
                "precision": 1.0,
                "recall": 0.8796561604584527,
                "f1-score": 0.9359756097560976,
                "support": 349.0
            },
            "1": {
                "precision": 0.25,
                "recall": 1.0,
                "f1-score": 0.4,
                "support": 14.0
            },
            "accuracy": 0.8842975206611571,
            "macro avg": {
                "precision": 0.625,
                "recall": 0.9398280802292264,
                "f1-score": 0.6679878048780488,
                "support": 363.0
            },
            "weighted avg": {
                "precision": 0.9710743801652892,
                "recall": 0.8842975206611571,
                "f1-score": 0.9153043741181215,
                "support": 363.0
            }
        }
    }
}