{
    "training": {
        "accuracy": 0.8614157527417746,
        "auroc": 0.9200419395610708,
        "aucpr": 0.34775617161111516,
        "recall_died": 0.8888888888888888,
        "report": {
            "0": {
                "precision": 0.9952153110047847,
                "recall": 0.860392967942089,
                "f1-score": 0.922906267332224,
                "support": 967.0
            },
            "1": {
                "precision": 0.19161676646706588,
                "recall": 0.8888888888888888,
                "f1-score": 0.31527093596059114,
                "support": 36.0
            },
            "accuracy": 0.8614157527417746,
            "macro avg": {
                "precision": 0.5934160387359253,
                "recall": 0.8746409284154889,
                "f1-score": 0.6190886016464076,
                "support": 1003.0
            },
            "weighted avg": {
                "precision": 0.9663722924570699,
                "recall": 0.8614157527417746,
                "f1-score": 0.9010968237336411,
                "support": 1003.0
            }
        }
    },
    "validation": {
        "accuracy": 0.8534883720930233,
        "auroc": 0.9202143719806763,
        "aucpr": 0.4220595962043332,
        "recall_died": 0.875,
        "report": {
            "0": {
                "precision": 0.9943661971830986,
                "recall": 0.8526570048309179,
                "f1-score": 0.918075422626788,
                "support": 414.0
            },
            "1": {
                "precision": 0.18666666666666668,
                "recall": 0.875,
                "f1-score": 0.3076923076923077,
                "support": 16.0
            },
            "accuracy": 0.8534883720930233,
            "macro avg": {
                "precision": 0.5905164319248827,
                "recall": 0.8638285024154589,
                "f1-score": 0.6128838651595478,
                "support": 430.0
            },
            "weighted avg": {
                "precision": 0.9643122611638825,
                "recall": 0.8534883720930233,
                "f1-score": 0.8953634927687608,
                "support": 430.0
            }
        }
    },
    "testing": {
        "accuracy": 0.8787878787878788,
        "auroc": 0.9705280392959477,
        "aucpr": 0.518872421850096,
        "recall_died": 0.9285714285714286,
        "report": {
            "0": {
                "precision": 0.996742671009772,
                "recall": 0.8767908309455588,
                "f1-score": 0.9329268292682927,
                "support": 349.0
            },
            "1": {
                "precision": 0.23214285714285715,
                "recall": 0.9285714285714286,
                "f1-score": 0.37142857142857144,
                "support": 14.0
            },
            "accuracy": 0.8787878787878788,
            "macro avg": {
                "precision": 0.6144427640763146,
                "recall": 0.9026811297584937,
                "f1-score": 0.6521777003484321,
                "support": 363.0
            },
            "weighted avg": {
                "precision": 0.9672539729542987,
                "recall": 0.8787878787878788,
                "f1-score": 0.9112712490761272,
                "support": 363.0
            }
        }
    }
}