{
    "training": {
        "accuracy": 0.8045862412761715,
        "auroc": 0.8811329426634494,
        "aucpr": 0.33089229566467593,
        "recall_died": 0.8333333333333334,
        "report": {
            "0": {
                "precision": 0.9923371647509579,
                "recall": 0.8035160289555325,
                "f1-score": 0.888,
                "support": 967.0
            },
            "1": {
                "precision": 0.13636363636363635,
                "recall": 0.8333333333333334,
                "f1-score": 0.234375,
                "support": 36.0
            },
            "accuracy": 0.8045862412761715,
            "macro avg": {
                "precision": 0.5643504005572971,
                "recall": 0.8184246811444329,
                "f1-score": 0.5611875,
                "support": 1003.0
            },
            "weighted avg": {
                "precision": 0.9616142863641746,
                "recall": 0.8045862412761715,
                "f1-score": 0.8645398803589233,
                "support": 1003.0
            }
        }
    },
    "validation": {
        "accuracy": 0.7953488372093023,
        "auroc": 0.9132699275362318,
        "aucpr": 0.35129871232359844,
        "recall_died": 0.9375,
        "report": {
            "0": {
                "precision": 0.9969512195121951,
                "recall": 0.7898550724637681,
                "f1-score": 0.8814016172506739,
                "support": 414.0
            },
            "1": {
                "precision": 0.14705882352941177,
                "recall": 0.9375,
                "f1-score": 0.2542372881355932,
                "support": 16.0
            },
            "accuracy": 0.7953488372093023,
            "macro avg": {
                "precision": 0.5720050215208035,
                "recall": 0.863677536231884,
                "f1-score": 0.5678194526931335,
                "support": 430.0
            },
            "weighted avg": {
                "precision": 0.9653273164058591,
                "recall": 0.7953488372093023,
                "f1-score": 0.8580652701208104,
                "support": 430.0
            }
        }
    },
    "testing": {
        "accuracy": 0.8870523415977961,
        "auroc": 0.943716741711011,
        "aucpr": 0.42188301982237253,
        "recall_died": 0.8571428571428571,
        "report": {
            "0": {
                "precision": 0.9935897435897436,
                "recall": 0.8882521489971347,
                "f1-score": 0.9379727685325264,
                "support": 349.0
            },
            "1": {
                "precision": 0.23529411764705882,
                "recall": 0.8571428571428571,
                "f1-score": 0.36923076923076925,
                "support": 14.0
            },
            "accuracy": 0.8870523415977961,
            "macro avg": {
                "precision": 0.6144419306184012,
                "recall": 0.8726975030699959,
                "f1-score": 0.6536017688816478,
                "support": 363.0
            },
            "weighted avg": {
                "precision": 0.9643441822586207,
                "recall": 0.8870523415977961,
                "f1-score": 0.9160378153914117,
                "support": 363.0
            }
        }
    }
}