{
    "training": {
        "accuracy": 0.9700897308075773,
        "auroc": 0.9181891301849937,
        "aucpr": 0.4695968564226733,
        "recall_died": 0.2222222222222222,
        "f2": 0.2597402597402597,
        "report": {
            "0": {
                "precision": 0.9718026183282981,
                "recall": 0.9979317476732161,
                "f1-score": 0.9846938775510204,
                "support": 967.0
            },
            "1": {
                "precision": 0.8,
                "recall": 0.2222222222222222,
                "f1-score": 0.34782608695652173,
                "support": 36.0
            },
            "accuracy": 0.9700897308075773,
            "macro avg": {
                "precision": 0.885901309164149,
                "recall": 0.6100769849477192,
                "f1-score": 0.6662599822537711,
                "support": 1003.0
            },
            "weighted avg": {
                "precision": 0.9656362232537031,
                "recall": 0.9700897308075773,
                "f1-score": 0.9618352130830224,
                "support": 1003.0
            }
        }
    },
    "validation": {
        "accuracy": 0.9627906976744186,
        "auroc": 0.8718297101449275,
        "aucpr": 0.32300425264500676,
        "recall_died": 0.1875,
        "f2": 0.21428571428571427,
        "report": {
            "0": {
                "precision": 0.9693396226415094,
                "recall": 0.9927536231884058,
                "f1-score": 0.9809069212410502,
                "support": 414.0
            },
            "1": {
                "precision": 0.5,
                "recall": 0.1875,
                "f1-score": 0.2727272727272727,
                "support": 16.0
            },
            "accuracy": 0.9627906976744186,
            "macro avg": {
                "precision": 0.7346698113207547,
                "recall": 0.5901268115942029,
                "f1-score": 0.6268170969841614,
                "support": 430.0
            },
            "weighted avg": {
                "precision": 0.9518758227292673,
                "recall": 0.9627906976744186,
                "f1-score": 0.9545560505986771,
                "support": 430.0
            }
        }
    },
    "testing": {
        "accuracy": 0.9669421487603306,
        "auroc": 0.9678673761768317,
        "aucpr": 0.565892550887407,
        "recall_died": 0.14285714285714285,
        "f2": 0.1724137931034483,
        "report": {
            "0": {
                "precision": 0.9667590027700831,
                "recall": 1.0,
                "f1-score": 0.9830985915492958,
                "support": 349.0
            },
            "1": {
                "precision": 1.0,
                "recall": 0.14285714285714285,
                "f1-score": 0.25,
                "support": 14.0
            },
            "accuracy": 0.9669421487603306,
            "macro avg": {
                "precision": 0.9833795013850415,
                "recall": 0.5714285714285714,
                "f1-score": 0.6165492957746479,
                "support": 363.0
            },
            "weighted avg": {
                "precision": 0.9680410247018154,
                "recall": 0.9669421487603306,
                "f1-score": 0.9548248166686067,
                "support": 363.0
            }
        }
    }
}