{
    "training": {
        "accuracy": 0.9700897308075773,
        "auroc": 0.9156325405032748,
        "aucpr": 0.4740401084482363,
        "recall_died": 0.2222222222222222,
        "report": {
            "0": {
                "precision": 0.9718026183282981,
                "recall": 0.9979317476732161,
                "f1-score": 0.9846938775510204,
                "support": 967.0
            },
            "1": {
                "precision": 0.8,
                "recall": 0.2222222222222222,
                "f1-score": 0.34782608695652173,
                "support": 36.0
            },
            "accuracy": 0.9700897308075773,
            "macro avg": {
                "precision": 0.885901309164149,
                "recall": 0.6100769849477192,
                "f1-score": 0.6662599822537711,
                "support": 1003.0
            },
            "weighted avg": {
                "precision": 0.9656362232537031,
                "recall": 0.9700897308075773,
                "f1-score": 0.9618352130830224,
                "support": 1003.0
            }
        }
    },
    "validation": {
        "accuracy": 0.9604651162790697,
        "auroc": 0.8685084541062802,
        "aucpr": 0.35190142714488776,
        "recall_died": 0.1875,
        "report": {
            "0": {
                "precision": 0.9692671394799054,
                "recall": 0.9903381642512077,
                "f1-score": 0.9796893667861409,
                "support": 414.0
            },
            "1": {
                "precision": 0.42857142857142855,
                "recall": 0.1875,
                "f1-score": 0.2608695652173913,
                "support": 16.0
            },
            "accuracy": 0.9604651162790697,
            "macro avg": {
                "precision": 0.6989192840256669,
                "recall": 0.5889190821256038,
                "f1-score": 0.6202794660017661,
                "support": 430.0
            },
            "weighted avg": {
                "precision": 0.9491482293065666,
                "recall": 0.9604651162790697,
                "f1-score": 0.9529425834719548,
                "support": 430.0
            }
        }
    },
    "testing": {
        "accuracy": 0.9641873278236914,
        "auroc": 0.9674580433892754,
        "aucpr": 0.573303702515008,
        "recall_died": 0.14285714285714285,
        "report": {
            "0": {
                "precision": 0.9666666666666667,
                "recall": 0.997134670487106,
                "f1-score": 0.9816643159379408,
                "support": 349.0
            },
            "1": {
                "precision": 0.6666666666666666,
                "recall": 0.14285714285714285,
                "f1-score": 0.23529411764705882,
                "support": 14.0
            },
            "accuracy": 0.9641873278236914,
            "macro avg": {
                "precision": 0.8166666666666667,
                "recall": 0.5699959066721244,
                "f1-score": 0.6084792167924998,
                "support": 363.0
            },
            "weighted avg": {
                "precision": 0.9550964187327824,
                "recall": 0.9641873278236914,
                "f1-score": 0.9528786884556479,
                "support": 363.0
            }
        }
    }
}