{
    "training": {
        "accuracy": 0.8364905284147557,
        "auroc": 0.9229576008273009,
        "aucpr": 0.42274780858769717,
        "recall_died": 0.8611111111111112,
        "report": {
            "0": {
                "precision": 0.993849938499385,
                "recall": 0.8355739400206825,
                "f1-score": 0.9078651685393259,
                "support": 967.0
            },
            "1": {
                "precision": 0.1631578947368421,
                "recall": 0.8611111111111112,
                "f1-score": 0.2743362831858407,
                "support": 36.0
            },
            "accuracy": 0.8364905284147557,
            "macro avg": {
                "precision": 0.5785039166181135,
                "recall": 0.8483425255658968,
                "f1-score": 0.5911007258625833,
                "support": 1003.0
            },
            "weighted avg": {
                "precision": 0.9640344713254552,
                "recall": 0.8364905284147557,
                "f1-score": 0.8851263451368079,
                "support": 1003.0
            }
        }
    },
    "validation": {
        "accuracy": 0.8348837209302326,
        "auroc": 0.863677536231884,
        "aucpr": 0.3044279719766104,
        "recall_died": 0.8125,
        "report": {
            "0": {
                "precision": 0.9914040114613181,
                "recall": 0.8357487922705314,
                "f1-score": 0.9069462647444299,
                "support": 414.0
            },
            "1": {
                "precision": 0.16049382716049382,
                "recall": 0.8125,
                "f1-score": 0.26804123711340205,
                "support": 16.0
            },
            "accuracy": 0.8348837209302326,
            "macro avg": {
                "precision": 0.575948919310906,
                "recall": 0.8241243961352658,
                "f1-score": 0.587493750928916,
                "support": 430.0
            },
            "weighted avg": {
                "precision": 0.9604864232082642,
                "recall": 0.8348837209302326,
                "f1-score": 0.883173054413973,
                "support": 430.0
            }
        }
    },
    "testing": {
        "accuracy": 0.859504132231405,
        "auroc": 0.9445354072861236,
        "aucpr": 0.4840284725087377,
        "recall_died": 0.8571428571428571,
        "report": {
            "0": {
                "precision": 0.9933774834437086,
                "recall": 0.8595988538681948,
                "f1-score": 0.9216589861751152,
                "support": 349.0
            },
            "1": {
                "precision": 0.19672131147540983,
                "recall": 0.8571428571428571,
                "f1-score": 0.32,
                "support": 14.0
            },
            "accuracy": 0.859504132231405,
            "macro avg": {
                "precision": 0.5950493974595592,
                "recall": 0.8583708555055259,
                "f1-score": 0.6208294930875576,
                "support": 363.0
            },
            "weighted avg": {
                "precision": 0.9626524520179339,
                "recall": 0.859504132231405,
                "f1-score": 0.8984545073694634,
                "support": 363.0
            }
        }
    }
}