{
    "training": {
        "accuracy": 0.8364905284147557,
        "auroc": 0.9229576008273009,
        "aucpr": 0.4178287290416072,
        "recall_died": 0.8611111111111112,
        "f2": 0.46407185628742514,
        "report": {
            "0": {
                "precision": 0.993849938499385,
                "recall": 0.8355739400206825,
                "f1-score": 0.9078651685393259,
                "support": 967.0
            },
            "1": {
                "precision": 0.1631578947368421,
                "recall": 0.8611111111111112,
                "f1-score": 0.2743362831858407,
                "support": 36.0
            },
            "accuracy": 0.8364905284147557,
            "macro avg": {
                "precision": 0.5785039166181135,
                "recall": 0.8483425255658968,
                "f1-score": 0.5911007258625833,
                "support": 1003.0
            },
            "weighted avg": {
                "precision": 0.9640344713254552,
                "recall": 0.8364905284147557,
                "f1-score": 0.8851263451368079,
                "support": 1003.0
            }
        }
    },
    "validation": {
        "accuracy": 0.8325581395348837,
        "auroc": 0.8626207729468599,
        "aucpr": 0.302267060431423,
        "recall_died": 0.8125,
        "f2": 0.4452054794520548,
        "report": {
            "0": {
                "precision": 0.9913793103448276,
                "recall": 0.8333333333333334,
                "f1-score": 0.905511811023622,
                "support": 414.0
            },
            "1": {
                "precision": 0.15853658536585366,
                "recall": 0.8125,
                "f1-score": 0.2653061224489796,
                "support": 16.0
            },
            "accuracy": 0.8325581395348837,
            "macro avg": {
                "precision": 0.5749579478553406,
                "recall": 0.8229166666666667,
                "f1-score": 0.5854089667363008,
                "support": 430.0
            },
            "weighted avg": {
                "precision": 0.9603898136014241,
                "recall": 0.8325581395348837,
                "f1-score": 0.8816902040068911,
                "support": 430.0
            }
        }
    },
    "testing": {
        "accuracy": 0.859504132231405,
        "auroc": 0.9445354072861236,
        "aucpr": 0.47756621739751637,
        "recall_died": 0.9285714285714286,
        "f2": 0.5462184873949579,
        "report": {
            "0": {
                "precision": 0.9966666666666667,
                "recall": 0.8567335243553008,
                "f1-score": 0.9214175654853621,
                "support": 349.0
            },
            "1": {
                "precision": 0.20634920634920634,
                "recall": 0.9285714285714286,
                "f1-score": 0.33766233766233766,
                "support": 14.0
            },
            "accuracy": 0.859504132231405,
            "macro avg": {
                "precision": 0.6015079365079365,
                "recall": 0.8926524764633648,
                "f1-score": 0.6295399515738499,
                "support": 363.0
            },
            "weighted avg": {
                "precision": 0.9661861034588309,
                "recall": 0.859504132231405,
                "f1-score": 0.8989035897566504,
                "support": 363.0
            }
        }
    }
}