{
    "training": {
        "accuracy": 0.8285144566301097,
        "auroc": 0.9167815695737102,
        "aucpr": 0.3640126654534991,
        "recall_died": 0.8888888888888888,
        "f2": 0.46511627906976744,
        "report": {
            "0": {
                "precision": 0.9950186799501868,
                "recall": 0.8262668045501551,
                "f1-score": 0.9028248587570622,
                "support": 967.0
            },
            "1": {
                "precision": 0.16,
                "recall": 0.8888888888888888,
                "f1-score": 0.2711864406779661,
                "support": 36.0
            },
            "accuracy": 0.8285144566301097,
            "macro avg": {
                "precision": 0.5775093399750933,
                "recall": 0.857577846719522,
                "f1-score": 0.5870056497175141,
                "support": 1003.0
            },
            "weighted avg": {
                "precision": 0.9650479197525729,
                "recall": 0.8285144566301097,
                "f1-score": 0.8801538886166361,
                "support": 1003.0
            }
        }
    },
    "validation": {
        "accuracy": 0.8348837209302326,
        "auroc": 0.915006038647343,
        "aucpr": 0.3646602234815155,
        "recall_died": 0.875,
        "f2": 0.47619047619047616,
        "report": {
            "0": {
                "precision": 0.9942363112391931,
                "recall": 0.8333333333333334,
                "f1-score": 0.9067017082785808,
                "support": 414.0
            },
            "1": {
                "precision": 0.1686746987951807,
                "recall": 0.875,
                "f1-score": 0.2828282828282828,
                "support": 16.0
            },
            "accuracy": 0.8348837209302326,
            "macro avg": {
                "precision": 0.5814555050171869,
                "recall": 0.8541666666666667,
                "f1-score": 0.5947649955534318,
                "support": 430.0
            },
            "weighted avg": {
                "precision": 0.9635177396133693,
                "recall": 0.8348837209302326,
                "f1-score": 0.8834878133781047,
                "support": 430.0
            }
        }
    },
    "testing": {
        "accuracy": 0.8512396694214877,
        "auroc": 0.9722677036430618,
        "aucpr": 0.5922619047619048,
        "recall_died": 1.0,
        "f2": 0.5645161290322581,
        "report": {
            "0": {
                "precision": 1.0,
                "recall": 0.8452722063037249,
                "f1-score": 0.9161490683229814,
                "support": 349.0
            },
            "1": {
                "precision": 0.20588235294117646,
                "recall": 1.0,
                "f1-score": 0.34146341463414637,
                "support": 14.0
            },
            "accuracy": 0.8512396694214877,
            "macro avg": {
                "precision": 0.6029411764705882,
                "recall": 0.9226361031518624,
                "f1-score": 0.6288062414785639,
                "support": 363.0
            },
            "weighted avg": {
                "precision": 0.9693728731161886,
                "recall": 0.8512396694214877,
                "f1-score": 0.8939848833322274,
                "support": 363.0
            }
        }
    }
}