{
    "training": {
        "accuracy": 0.6889332003988036,
        "auroc": 0.8897362978283351,
        "aucpr": 0.3109209789335434,
        "recall_died": 0.9166666666666666,
        "f2": 0.3395061728395062,
        "report": {
            "0": {
                "precision": 0.9954614220877458,
                "recall": 0.6804550155118925,
                "f1-score": 0.8083538083538083,
                "support": 967.0
            },
            "1": {
                "precision": 0.09649122807017543,
                "recall": 0.9166666666666666,
                "f1-score": 0.1746031746031746,
                "support": 36.0
            },
            "accuracy": 0.6889332003988036,
            "macro avg": {
                "precision": 0.5459763250789607,
                "recall": 0.7985608410892795,
                "f1-score": 0.49147849147849143,
                "support": 1003.0
            },
            "weighted avg": {
                "precision": 0.9631952934889098,
                "recall": 0.6889332003988036,
                "f1-score": 0.7856070258861885,
                "support": 1003.0
            }
        }
    },
    "validation": {
        "accuracy": 0.7046511627906977,
        "auroc": 0.9085899758454106,
        "aucpr": 0.2678160770916904,
        "recall_died": 1.0,
        "f2": 0.3864734299516908,
        "report": {
            "0": {
                "precision": 1.0,
                "recall": 0.6932367149758454,
                "f1-score": 0.818830242510699,
                "support": 414.0
            },
            "1": {
                "precision": 0.11188811188811189,
                "recall": 1.0,
                "f1-score": 0.20125786163522014,
                "support": 16.0
            },
            "accuracy": 0.7046511627906977,
            "macro avg": {
                "precision": 0.5559440559440559,
                "recall": 0.8466183574879227,
                "f1-score": 0.5100440520729596,
                "support": 430.0
            },
            "weighted avg": {
                "precision": 0.9669539762563019,
                "recall": 0.7046511627906977,
                "f1-score": 0.7958508050827742,
                "support": 430.0
            }
        }
    },
    "testing": {
        "accuracy": 0.7768595041322314,
        "auroc": 0.9459680720425706,
        "aucpr": 0.39993947030273946,
        "recall_died": 1.0,
        "f2": 0.46357615894039733,
        "report": {
            "0": {
                "precision": 1.0,
                "recall": 0.7679083094555874,
                "f1-score": 0.8687196110210696,
                "support": 349.0
            },
            "1": {
                "precision": 0.14736842105263157,
                "recall": 1.0,
                "f1-score": 0.25688073394495414,
                "support": 14.0
            },
            "accuracy": 0.7768595041322314,
            "macro avg": {
                "precision": 0.5736842105263158,
                "recall": 0.8839541547277937,
                "f1-score": 0.5628001724830118,
                "support": 363.0
            },
            "weighted avg": {
                "precision": 0.9671161374510656,
                "recall": 0.7768595041322314,
                "f1-score": 0.845122519343203,
                "support": 363.0
            }
        }
    }
}