{
    "training": {
        "accuracy": 0.9641076769690927,
        "auroc": 0.8838331609789728,
        "aucpr": 0.33668949878727367,
        "recall_died": 0.05555555555555555,
        "f2": 0.06756756756756757,
        "report": {
            "0": {
                "precision": 0.965965965965966,
                "recall": 0.9979317476732161,
                "f1-score": 0.9816887080366226,
                "support": 967.0
            },
            "1": {
                "precision": 0.5,
                "recall": 0.05555555555555555,
                "f1-score": 0.1,
                "support": 36.0
            },
            "accuracy": 0.9641076769690927,
            "macro avg": {
                "precision": 0.732982982982983,
                "recall": 0.5267436516143859,
                "f1-score": 0.5408443540183113,
                "support": 1003.0
            },
            "weighted avg": {
                "precision": 0.9492413649941067,
                "recall": 0.9641076769690927,
                "f1-score": 0.9500428521150689,
                "support": 1003.0
            }
        }
    },
    "validation": {
        "accuracy": 0.9651162790697675,
        "auroc": 0.9147795893719808,
        "aucpr": 0.35206251758197693,
        "recall_died": 0.0625,
        "f2": 0.07692307692307693,
        "report": {
            "0": {
                "precision": 0.965034965034965,
                "recall": 1.0,
                "f1-score": 0.9822064056939501,
                "support": 414.0
            },
            "1": {
                "precision": 1.0,
                "recall": 0.0625,
                "f1-score": 0.11764705882352941,
                "support": 16.0
            },
            "accuracy": 0.9651162790697675,
            "macro avg": {
                "precision": 0.9825174825174825,
                "recall": 0.53125,
                "f1-score": 0.5499267322587398,
                "support": 430.0
            },
            "weighted avg": {
                "precision": 0.9663359895918036,
                "recall": 0.9651162790697675,
                "f1-score": 0.9500367555778414,
                "support": 430.0
            }
        }
    },
    "testing": {
        "accuracy": 0.9614325068870524,
        "auroc": 0.9625460499386,
        "aucpr": 0.5214255342711563,
        "recall_died": 0.0,
        "f2": 0.0,
        "report": {
            "0": {
                "precision": 0.9614325068870524,
                "recall": 1.0,
                "f1-score": 0.9803370786516854,
                "support": 349.0
            },
            "1": {
                "precision": 0.0,
                "recall": 0.0,
                "f1-score": 0.0,
                "support": 14.0
            },
            "accuracy": 0.9614325068870524,
            "macro avg": {
                "precision": 0.4807162534435262,
                "recall": 0.5,
                "f1-score": 0.4901685393258427,
                "support": 363.0
            },
            "weighted avg": {
                "precision": 0.924352465299122,
                "recall": 0.9614325068870524,
                "f1-score": 0.9425279351224193,
                "support": 363.0
            }
        }
    }
}