{
    "training": {
        "accuracy": 0.9661016949152542,
        "auroc": 0.8811616683902103,
        "aucpr": 0.38622704620962656,
        "recall_died": 0.1388888888888889,
        "report": {
            "0": {
                "precision": 0.9688442211055276,
                "recall": 0.9968976215098242,
                "f1-score": 0.9826707441386341,
                "support": 967.0
            },
            "1": {
                "precision": 0.625,
                "recall": 0.1388888888888889,
                "f1-score": 0.22727272727272727,
                "support": 36.0
            },
            "accuracy": 0.9661016949152542,
            "macro avg": {
                "precision": 0.7969221105527637,
                "recall": 0.5678932551993565,
                "f1-score": 0.6049717357056806,
                "support": 1003.0
            },
            "weighted avg": {
                "precision": 0.9565028532492973,
                "recall": 0.9661016949152542,
                "f1-score": 0.9555577545003762,
                "support": 1003.0
            }
        }
    },
    "validation": {
        "accuracy": 0.9651162790697675,
        "auroc": 0.9087409420289856,
        "aucpr": 0.3885424817816801,
        "recall_died": 0.125,
        "report": {
            "0": {
                "precision": 0.9672131147540983,
                "recall": 0.9975845410628019,
                "f1-score": 0.9821640903686087,
                "support": 414.0
            },
            "1": {
                "precision": 0.6666666666666666,
                "recall": 0.125,
                "f1-score": 0.21052631578947367,
                "support": 16.0
            },
            "accuracy": 0.9651162790697675,
            "macro avg": {
                "precision": 0.8169398907103824,
                "recall": 0.561292270531401,
                "f1-score": 0.5963452030790413,
                "support": 430.0
            },
            "weighted avg": {
                "precision": 0.9560299911043334,
                "recall": 0.9651162790697675,
                "f1-score": 0.9534519871284548,
                "support": 430.0
            }
        }
    },
    "testing": {
        "accuracy": 0.9641873278236914,
        "auroc": 0.9553827261563652,
        "aucpr": 0.5058837766336785,
        "recall_died": 0.07142857142857142,
        "report": {
            "0": {
                "precision": 0.9640883977900553,
                "recall": 1.0,
                "f1-score": 0.9817158931082982,
                "support": 349.0
            },
            "1": {
                "precision": 1.0,
                "recall": 0.07142857142857142,
                "f1-score": 0.13333333333333333,
                "support": 14.0
            },
            "accuracy": 0.9641873278236914,
            "macro avg": {
                "precision": 0.9820441988950277,
                "recall": 0.5357142857142857,
                "f1-score": 0.5575246132208158,
                "support": 363.0
            },
            "weighted avg": {
                "precision": 0.9654734182609623,
                "recall": 0.9641873278236914,
                "f1-score": 0.9489959045770323,
                "support": 363.0
            }
        }
    }
}