{
    "training": {
        "accuracy": 0.8035892323030908,
        "auroc": 0.8943467769734575,
        "aucpr": 0.26174994794982254,
        "recall_died": 0.8611111111111112,
        "report": {
            "0": {
                "precision": 0.9935897435897436,
                "recall": 0.8014477766287487,
                "f1-score": 0.8872352604464797,
                "support": 967.0
            },
            "1": {
                "precision": 0.13901345291479822,
                "recall": 0.8611111111111112,
                "f1-score": 0.23938223938223938,
                "support": 36.0
            },
            "accuracy": 0.8035892323030908,
            "macro avg": {
                "precision": 0.5663015982522709,
                "recall": 0.8312794438699299,
                "f1-score": 0.5633087499143595,
                "support": 1003.0
            },
            "weighted avg": {
                "precision": 0.962917015310284,
                "recall": 0.8035892323030908,
                "f1-score": 0.8639823105378929,
                "support": 1003.0
            }
        }
    },
    "validation": {
        "accuracy": 0.8093023255813954,
        "auroc": 0.9117602657004831,
        "aucpr": 0.2986447191052301,
        "recall_died": 0.9375,
        "report": {
            "0": {
                "precision": 0.9970059880239521,
                "recall": 0.8043478260869565,
                "f1-score": 0.8903743315508021,
                "support": 414.0
            },
            "1": {
                "precision": 0.15625,
                "recall": 0.9375,
                "f1-score": 0.26785714285714285,
                "support": 16.0
            },
            "accuracy": 0.8093023255813954,
            "macro avg": {
                "precision": 0.5766279940119761,
                "recall": 0.8709239130434783,
                "f1-score": 0.5791157372039725,
                "support": 430.0
            },
            "weighted avg": {
                "precision": 0.965722044283526,
                "recall": 0.8093023255813954,
                "f1-score": 0.8672109012738288,
                "support": 430.0
            }
        }
    },
    "testing": {
        "accuracy": 0.8622589531680441,
        "auroc": 0.9574293900941466,
        "aucpr": 0.48155117908407385,
        "recall_died": 1.0,
        "report": {
            "0": {
                "precision": 1.0,
                "recall": 0.8567335243553008,
                "f1-score": 0.9228395061728395,
                "support": 349.0
            },
            "1": {
                "precision": 0.21875,
                "recall": 1.0,
                "f1-score": 0.358974358974359,
                "support": 14.0
            },
            "accuracy": 0.8622589531680441,
            "macro avg": {
                "precision": 0.609375,
                "recall": 0.9283667621776504,
                "f1-score": 0.6409069325735992,
                "support": 363.0
            },
            "weighted avg": {
                "precision": 0.9698691460055097,
                "recall": 0.8622589531680441,
                "f1-score": 0.9010926409916309,
                "support": 363.0
            }
        }
    }
}