{
    "training": {
        "accuracy": 0.8265204386839482,
        "auroc": 0.9096001378834885,
        "aucpr": 0.2696353439425541,
        "recall_died": 0.8611111111111112,
        "f2": 0.45058139534883723,
        "report": {
            "0": {
                "precision": 0.9937733499377335,
                "recall": 0.8252326783867632,
                "f1-score": 0.9016949152542373,
                "support": 967.0
            },
            "1": {
                "precision": 0.155,
                "recall": 0.8611111111111112,
                "f1-score": 0.2627118644067797,
                "support": 36.0
            },
            "accuracy": 0.8265204386839482,
            "macro avg": {
                "precision": 0.5743866749688668,
                "recall": 0.8431718947489372,
                "f1-score": 0.5822033898305085,
                "support": 1003.0
            },
            "weighted avg": {
                "precision": 0.9636678259120521,
                "recall": 0.8265204386839482,
                "f1-score": 0.8787603291819457,
                "support": 1003.0
            }
        }
    },
    "validation": {
        "accuracy": 0.8162790697674419,
        "auroc": 0.9119867149758454,
        "aucpr": 0.24606255766486307,
        "recall_died": 0.875,
        "f2": 0.45161290322580644,
        "report": {
            "0": {
                "precision": 0.9941002949852508,
                "recall": 0.8140096618357487,
                "f1-score": 0.8950863213811421,
                "support": 414.0
            },
            "1": {
                "precision": 0.15384615384615385,
                "recall": 0.875,
                "f1-score": 0.2616822429906542,
                "support": 16.0
            },
            "accuracy": 0.8162790697674419,
            "macro avg": {
                "precision": 0.5739732244157023,
                "recall": 0.8445048309178744,
                "f1-score": 0.5783842821858981,
                "support": 430.0
            },
            "weighted avg": {
                "precision": 0.9628350246172843,
                "recall": 0.8162790697674419,
                "f1-score": 0.8715177975340542,
                "support": 430.0
            }
        }
    },
    "testing": {
        "accuracy": 0.8650137741046832,
        "auroc": 0.9503683995088006,
        "aucpr": 0.3459912749218794,
        "recall_died": 1.0,
        "f2": 0.5882352941176471,
        "report": {
            "0": {
                "precision": 1.0,
                "recall": 0.8595988538681948,
                "f1-score": 0.9244992295839753,
                "support": 349.0
            },
            "1": {
                "precision": 0.2222222222222222,
                "recall": 1.0,
                "f1-score": 0.36363636363636365,
                "support": 14.0
            },
            "accuracy": 0.8650137741046832,
            "macro avg": {
                "precision": 0.6111111111111112,
                "recall": 0.9297994269340975,
                "f1-score": 0.6440677966101696,
                "support": 363.0
            },
            "weighted avg": {
                "precision": 0.9700030609121517,
                "recall": 0.8650137741046832,
                "f1-score": 0.9028681548642328,
                "support": 363.0
            }
        }
    }
}