{
    "training": {
        "accuracy": 0.8524426719840479,
        "auroc": 0.9368177639894288,
        "aucpr": 0.34034105582026064,
        "recall_died": 0.8888888888888888,
        "report": {
            "0": {
                "precision": 0.9951632406287787,
                "recall": 0.8510858324715616,
                "f1-score": 0.9175027870680045,
                "support": 967.0
            },
            "1": {
                "precision": 0.18181818181818182,
                "recall": 0.8888888888888888,
                "f1-score": 0.3018867924528302,
                "support": 36.0
            },
            "accuracy": 0.8524426719840479,
            "macro avg": {
                "precision": 0.5884907112234803,
                "recall": 0.8699873606802252,
                "f1-score": 0.6096947897604174,
                "support": 1003.0
            },
            "weighted avg": {
                "precision": 0.9659703970423564,
                "recall": 0.8524426719840479,
                "f1-score": 0.8954068989262833,
                "support": 1003.0
            }
        }
    },
    "validation": {
        "accuracy": 0.8302325581395349,
        "auroc": 0.8922856280193237,
        "aucpr": 0.2648235448072233,
        "recall_died": 0.875,
        "report": {
            "0": {
                "precision": 0.9942028985507246,
                "recall": 0.8285024154589372,
                "f1-score": 0.9038208168642952,
                "support": 414.0
            },
            "1": {
                "precision": 0.16470588235294117,
                "recall": 0.875,
                "f1-score": 0.27722772277227725,
                "support": 16.0
            },
            "accuracy": 0.8302325581395349,
            "macro avg": {
                "precision": 0.5794543904518329,
                "recall": 0.8517512077294687,
                "f1-score": 0.5905242698182862,
                "support": 430.0
            },
            "weighted avg": {
                "precision": 0.9633378932968537,
                "recall": 0.8302325581395349,
                "f1-score": 0.8805057249911038,
                "support": 430.0
            }
        }
    },
    "testing": {
        "accuracy": 0.8429752066115702,
        "auroc": 0.9411584117887842,
        "aucpr": 0.36500087735989994,
        "recall_died": 0.8571428571428571,
        "report": {
            "0": {
                "precision": 0.9932432432432432,
                "recall": 0.8424068767908309,
                "f1-score": 0.9116279069767442,
                "support": 349.0
            },
            "1": {
                "precision": 0.1791044776119403,
                "recall": 0.8571428571428571,
                "f1-score": 0.2962962962962963,
                "support": 14.0
            },
            "accuracy": 0.8429752066115702,
            "macro avg": {
                "precision": 0.5861738604275918,
                "recall": 0.849774866966844,
                "f1-score": 0.6039621016365202,
                "support": 363.0
            },
            "weighted avg": {
                "precision": 0.9618439520067743,
                "recall": 0.8429752066115702,
                "f1-score": 0.887896109319647,
                "support": 363.0
            }
        }
    }
}