{
    "training": {
        "accuracy": 0.8594217347956131,
        "auroc": 0.9362001608640699,
        "aucpr": 0.33614846473109966,
        "recall_died": 0.8888888888888888,
        "f2": 0.5111821086261981,
        "report": {
            "0": {
                "precision": 0.9952038369304557,
                "recall": 0.8583247156153051,
                "f1-score": 0.9217101610216546,
                "support": 967.0
            },
            "1": {
                "precision": 0.1893491124260355,
                "recall": 0.8888888888888888,
                "f1-score": 0.3121951219512195,
                "support": 36.0
            },
            "accuracy": 0.8594217347956131,
            "macro avg": {
                "precision": 0.5922764746782456,
                "recall": 0.873606802252097,
                "f1-score": 0.616952641486437,
                "support": 1003.0
            },
            "weighted avg": {
                "precision": 0.9662798388425602,
                "recall": 0.8594217347956131,
                "f1-score": 0.8998332503471425,
                "support": 1003.0
            }
        }
    },
    "validation": {
        "accuracy": 0.8418604651162791,
        "auroc": 0.8925875603864734,
        "aucpr": 0.2645714496500038,
        "recall_died": 0.8125,
        "f2": 0.45774647887323944,
        "report": {
            "0": {
                "precision": 0.9914772727272727,
                "recall": 0.8429951690821256,
                "f1-score": 0.9112271540469974,
                "support": 414.0
            },
            "1": {
                "precision": 0.16666666666666666,
                "recall": 0.8125,
                "f1-score": 0.2765957446808511,
                "support": 16.0
            },
            "accuracy": 0.8418604651162791,
            "macro avg": {
                "precision": 0.5790719696969697,
                "recall": 0.8277475845410628,
                "f1-score": 0.5939114493639243,
                "support": 430.0
            },
            "weighted avg": {
                "precision": 0.9607866455250176,
                "recall": 0.8418604651162791,
                "f1-score": 0.8876129620705826,
                "support": 430.0
            }
        }
    },
    "testing": {
        "accuracy": 0.8650137741046832,
        "auroc": 0.9436144085141219,
        "aucpr": 0.3775443637528494,
        "recall_died": 0.8571428571428571,
        "f2": 0.5217391304347826,
        "report": {
            "0": {
                "precision": 0.993421052631579,
                "recall": 0.8653295128939829,
                "f1-score": 0.9249617151607963,
                "support": 349.0
            },
            "1": {
                "precision": 0.2033898305084746,
                "recall": 0.8571428571428571,
                "f1-score": 0.3287671232876712,
                "support": 14.0
            },
            "accuracy": 0.8650137741046832,
            "macro avg": {
                "precision": 0.5984054415700268,
                "recall": 0.86123618501842,
                "f1-score": 0.6268644192242337,
                "support": 363.0
            },
            "weighted avg": {
                "precision": 0.9629515289133326,
                "recall": 0.8650137741046832,
                "f1-score": 0.9019679843447529,
                "support": 363.0
            }
        }
    }
}