{
    "training": {
        "accuracy": 0.967098703888335,
        "auroc": 0.9117689302539354,
        "aucpr": 0.44445304633736915,
        "recall_died": 0.1388888888888889,
        "f2": 0.16556291390728478,
        "report": {
            "0": {
                "precision": 0.9688755020080321,
                "recall": 0.9979317476732161,
                "f1-score": 0.9831889964340296,
                "support": 967.0
            },
            "1": {
                "precision": 0.7142857142857143,
                "recall": 0.1388888888888889,
                "f1-score": 0.23255813953488372,
                "support": 36.0
            },
            "accuracy": 0.967098703888335,
            "macro avg": {
                "precision": 0.8415806081468732,
                "recall": 0.5684103182810525,
                "f1-score": 0.6078735679844567,
                "support": 1003.0
            },
            "weighted avg": {
                "precision": 0.9597376831067325,
                "recall": 0.967098703888335,
                "f1-score": 0.9562471112412387,
                "support": 1003.0
            }
        }
    },
    "validation": {
        "accuracy": 0.9627906976744186,
        "auroc": 0.8813405797101448,
        "aucpr": 0.3498908845722198,
        "recall_died": 0.125,
        "f2": 0.14705882352941177,
        "report": {
            "0": {
                "precision": 0.9671361502347418,
                "recall": 0.9951690821256038,
                "f1-score": 0.9809523809523809,
                "support": 414.0
            },
            "1": {
                "precision": 0.5,
                "recall": 0.125,
                "f1-score": 0.2,
                "support": 16.0
            },
            "accuracy": 0.9627906976744186,
            "macro avg": {
                "precision": 0.7335680751173709,
                "recall": 0.5600845410628019,
                "f1-score": 0.5904761904761905,
                "support": 430.0
            },
            "weighted avg": {
                "precision": 0.949754339993449,
                "recall": 0.9627906976744186,
                "f1-score": 0.9518936877076412,
                "support": 430.0
            }
        }
    },
    "testing": {
        "accuracy": 0.9669421487603306,
        "auroc": 0.9788170282439622,
        "aucpr": 0.6349561153132581,
        "recall_died": 0.14285714285714285,
        "f2": 0.1724137931034483,
        "report": {
            "0": {
                "precision": 0.9667590027700831,
                "recall": 1.0,
                "f1-score": 0.9830985915492958,
                "support": 349.0
            },
            "1": {
                "precision": 1.0,
                "recall": 0.14285714285714285,
                "f1-score": 0.25,
                "support": 14.0
            },
            "accuracy": 0.9669421487603306,
            "macro avg": {
                "precision": 0.9833795013850415,
                "recall": 0.5714285714285714,
                "f1-score": 0.6165492957746479,
                "support": 363.0
            },
            "weighted avg": {
                "precision": 0.9680410247018154,
                "recall": 0.9669421487603306,
                "f1-score": 0.9548248166686067,
                "support": 363.0
            }
        }
    }
}