{
    "training": {
        "accuracy": 0.8364905284147557,
        "auroc": 0.9154170975525681,
        "aucpr": 0.4058492656122706,
        "recall_died": 0.8055555555555556,
        "report": {
            "0": {
                "precision": 0.9914320685434517,
                "recall": 0.8376421923474664,
                "f1-score": 0.9080717488789237,
                "support": 967.0
            },
            "1": {
                "precision": 0.15591397849462366,
                "recall": 0.8055555555555556,
                "f1-score": 0.26126126126126126,
                "support": 36.0
            },
            "accuracy": 0.8364905284147557,
            "macro avg": {
                "precision": 0.5736730235190377,
                "recall": 0.821598873951511,
                "f1-score": 0.5846665050700925,
                "support": 1003.0
            },
            "weighted avg": {
                "precision": 0.9614433833572524,
                "recall": 0.8364905284147557,
                "f1-score": 0.8848562179175719,
                "support": 1003.0
            }
        }
    },
    "validation": {
        "accuracy": 0.8372093023255814,
        "auroc": 0.8891908212560387,
        "aucpr": 0.31894156537775936,
        "recall_died": 0.8125,
        "report": {
            "0": {
                "precision": 0.9914285714285714,
                "recall": 0.8381642512077294,
                "f1-score": 0.9083769633507853,
                "support": 414.0
            },
            "1": {
                "precision": 0.1625,
                "recall": 0.8125,
                "f1-score": 0.2708333333333333,
                "support": 16.0
            },
            "accuracy": 0.8372093023255814,
            "macro avg": {
                "precision": 0.5769642857142857,
                "recall": 0.8253321256038647,
                "f1-score": 0.5896051483420593,
                "support": 430.0
            },
            "weighted avg": {
                "precision": 0.9605847176079735,
                "recall": 0.8372093023255814,
                "f1-score": 0.8846544096757173,
                "support": 430.0
            }
        }
    },
    "testing": {
        "accuracy": 0.8898071625344353,
        "auroc": 0.9689930413426115,
        "aucpr": 0.5595414735942686,
        "recall_died": 1.0,
        "report": {
            "0": {
                "precision": 1.0,
                "recall": 0.8853868194842407,
                "f1-score": 0.939209726443769,
                "support": 349.0
            },
            "1": {
                "precision": 0.25925925925925924,
                "recall": 1.0,
                "f1-score": 0.4117647058823529,
                "support": 14.0
            },
            "accuracy": 0.8898071625344353,
            "macro avg": {
                "precision": 0.6296296296296297,
                "recall": 0.9426934097421203,
                "f1-score": 0.675487216163061,
                "support": 363.0
            },
            "weighted avg": {
                "precision": 0.9714314865830017,
                "recall": 0.8898071625344353,
                "f1-score": 0.918867494245808,
                "support": 363.0
            }
        }
    }
}