{
    "training": {
        "accuracy": 0.8325024925224327,
        "auroc": 0.9150436631046766,
        "aucpr": 0.4035019871006463,
        "recall_died": 0.8055555555555556,
        "f2": 0.4341317365269461,
        "report": {
            "0": {
                "precision": 0.991389913899139,
                "recall": 0.8335056876938987,
                "f1-score": 0.9056179775280899,
                "support": 967.0
            },
            "1": {
                "precision": 0.15263157894736842,
                "recall": 0.8055555555555556,
                "f1-score": 0.25663716814159293,
                "support": 36.0
            },
            "accuracy": 0.8325024925224327,
            "macro avg": {
                "precision": 0.5720107464232537,
                "recall": 0.8195306216247271,
                "f1-score": 0.5811275728348414,
                "support": 1003.0
            },
            "weighted avg": {
                "precision": 0.961284928796184,
                "recall": 0.8325024925224327,
                "f1-score": 0.8823245486767302,
                "support": 1003.0
            }
        }
    },
    "validation": {
        "accuracy": 0.8372093023255814,
        "auroc": 0.8872282608695652,
        "aucpr": 0.318048359275285,
        "recall_died": 0.8125,
        "f2": 0.4513888888888889,
        "report": {
            "0": {
                "precision": 0.9914285714285714,
                "recall": 0.8381642512077294,
                "f1-score": 0.9083769633507853,
                "support": 414.0
            },
            "1": {
                "precision": 0.1625,
                "recall": 0.8125,
                "f1-score": 0.2708333333333333,
                "support": 16.0
            },
            "accuracy": 0.8372093023255814,
            "macro avg": {
                "precision": 0.5769642857142857,
                "recall": 0.8253321256038647,
                "f1-score": 0.5896051483420593,
                "support": 430.0
            },
            "weighted avg": {
                "precision": 0.9605847176079735,
                "recall": 0.8372093023255814,
                "f1-score": 0.8846544096757173,
                "support": 430.0
            }
        }
    },
    "testing": {
        "accuracy": 0.8870523415977961,
        "auroc": 0.9681743757674989,
        "aucpr": 0.5552399550070357,
        "recall_died": 1.0,
        "f2": 0.6306306306306306,
        "report": {
            "0": {
                "precision": 1.0,
                "recall": 0.8825214899713467,
                "f1-score": 0.9375951293759512,
                "support": 349.0
            },
            "1": {
                "precision": 0.2545454545454545,
                "recall": 1.0,
                "f1-score": 0.4057971014492754,
                "support": 14.0
            },
            "accuracy": 0.8870523415977961,
            "macro avg": {
                "precision": 0.6272727272727272,
                "recall": 0.9412607449856734,
                "f1-score": 0.6716961154126133,
                "support": 363.0
            },
            "weighted avg": {
                "precision": 0.9712496869521663,
                "recall": 0.8870523415977961,
                "f1-score": 0.9170850125964101,
                "support": 363.0
            }
        }
    }
}