{
    "training": {
        "accuracy": 0.8614157527417746,
        "auroc": 0.9191514420314835,
        "aucpr": 0.3340135877802921,
        "recall_died": 0.7777777777777778,
        "report": {
            "0": {
                "precision": 0.990521327014218,
                "recall": 0.8645294725956567,
                "f1-score": 0.9232468249585865,
                "support": 967.0
            },
            "1": {
                "precision": 0.1761006289308176,
                "recall": 0.7777777777777778,
                "f1-score": 0.28717948717948716,
                "support": 36.0
            },
            "accuracy": 0.8614157527417746,
            "macro avg": {
                "precision": 0.5833109779725179,
                "recall": 0.8211536251867173,
                "f1-score": 0.6052131560690368,
                "support": 1003.0
            },
            "weighted avg": {
                "precision": 0.9612898762355516,
                "recall": 0.8614157527417746,
                "f1-score": 0.9004168906016098,
                "support": 1003.0
            }
        }
    },
    "validation": {
        "accuracy": 0.8395348837209302,
        "auroc": 0.8912288647342995,
        "aucpr": 0.32771128823623796,
        "recall_died": 0.75,
        "report": {
            "0": {
                "precision": 0.9886685552407932,
                "recall": 0.8429951690821256,
                "f1-score": 0.910039113428944,
                "support": 414.0
            },
            "1": {
                "precision": 0.15584415584415584,
                "recall": 0.75,
                "f1-score": 0.25806451612903225,
                "support": 16.0
            },
            "accuracy": 0.8395348837209302,
            "macro avg": {
                "precision": 0.5722563555424746,
                "recall": 0.7964975845410628,
                "f1-score": 0.5840518147789882,
                "support": 430.0
            },
            "weighted avg": {
                "precision": 0.9576797403795231,
                "recall": 0.8395348837209302,
                "f1-score": 0.8857795935294124,
                "support": 430.0
            }
        }
    },
    "testing": {
        "accuracy": 0.8787878787878788,
        "auroc": 0.9627507163323783,
        "aucpr": 0.6111044863403056,
        "recall_died": 0.9285714285714286,
        "report": {
            "0": {
                "precision": 0.996742671009772,
                "recall": 0.8767908309455588,
                "f1-score": 0.9329268292682927,
                "support": 349.0
            },
            "1": {
                "precision": 0.23214285714285715,
                "recall": 0.9285714285714286,
                "f1-score": 0.37142857142857144,
                "support": 14.0
            },
            "accuracy": 0.8787878787878788,
            "macro avg": {
                "precision": 0.6144427640763146,
                "recall": 0.9026811297584937,
                "f1-score": 0.6521777003484321,
                "support": 363.0
            },
            "weighted avg": {
                "precision": 0.9672539729542987,
                "recall": 0.8787878787878788,
                "f1-score": 0.9112712490761272,
                "support": 363.0
            }
        }
    }
}