{
    "training": {
        "accuracy": 0.8295114656031904,
        "auroc": 0.9494139951740779,
        "aucpr": 0.5011900820249501,
        "recall_died": 0.9444444444444444,
        "f2": 0.4899135446685879,
        "report": {
            "0": {
                "precision": 0.9975,
                "recall": 0.8252326783867632,
                "f1-score": 0.9032258064516129,
                "support": 967.0
            },
            "1": {
                "precision": 0.16748768472906403,
                "recall": 0.9444444444444444,
                "f1-score": 0.28451882845188287,
                "support": 36.0
            },
            "accuracy": 0.8295114656031904,
            "macro avg": {
                "precision": 0.582493842364532,
                "recall": 0.8848385614156038,
                "f1-score": 0.5938723174517478,
                "support": 1003.0
            },
            "weighted avg": {
                "precision": 0.9677089298606644,
                "recall": 0.8295114656031904,
                "f1-score": 0.88101897573577,
                "support": 1003.0
            }
        }
    },
    "validation": {
        "accuracy": 0.8209302325581396,
        "auroc": 0.9131944444444444,
        "aucpr": 0.31171005280278286,
        "recall_died": 0.9375,
        "f2": 0.4838709677419355,
        "report": {
            "0": {
                "precision": 0.9970501474926253,
                "recall": 0.8164251207729468,
                "f1-score": 0.897742363877822,
                "support": 414.0
            },
            "1": {
                "precision": 0.16483516483516483,
                "recall": 0.9375,
                "f1-score": 0.2803738317757009,
                "support": 16.0
            },
            "accuracy": 0.8209302325581396,
            "macro avg": {
                "precision": 0.5809426561638951,
                "recall": 0.8769625603864735,
                "f1-score": 0.5890580978267614,
                "support": 430.0
            },
            "weighted avg": {
                "precision": 0.9660840086030454,
                "recall": 0.8209302325581396,
                "f1-score": 0.8747705115205339,
                "support": 430.0
            }
        }
    },
    "testing": {
        "accuracy": 0.8760330578512396,
        "auroc": 0.9555873925501432,
        "aucpr": 0.5102150178642599,
        "recall_died": 1.0,
        "f2": 0.6086956521739131,
        "report": {
            "0": {
                "precision": 1.0,
                "recall": 0.8710601719197708,
                "f1-score": 0.9310872894333844,
                "support": 349.0
            },
            "1": {
                "precision": 0.23728813559322035,
                "recall": 1.0,
                "f1-score": 0.3835616438356164,
                "support": 14.0
            },
            "accuracy": 0.8760330578512396,
            "macro avg": {
                "precision": 0.6186440677966102,
                "recall": 0.9355300859598854,
                "f1-score": 0.6573244666345004,
                "support": 363.0
            },
            "weighted avg": {
                "precision": 0.9705841154223281,
                "recall": 0.8760330578512396,
                "f1-score": 0.9099705978676303,
                "support": 363.0
            }
        }
    }
}