{
    "training": {
        "accuracy": 0.8285144566301097,
        "auroc": 0.9489831092726646,
        "aucpr": 0.5006949762612257,
        "recall_died": 0.9444444444444444,
        "report": {
            "0": {
                "precision": 0.9974968710888611,
                "recall": 0.8241985522233712,
                "f1-score": 0.9026047565118913,
                "support": 967.0
            },
            "1": {
                "precision": 0.16666666666666666,
                "recall": 0.9444444444444444,
                "f1-score": 0.2833333333333333,
                "support": 36.0
            },
            "accuracy": 0.8285144566301097,
            "macro avg": {
                "precision": 0.5820817688777639,
                "recall": 0.8843214983339078,
                "f1-score": 0.5929690449226124,
                "support": 1003.0
            },
            "weighted avg": {
                "precision": 0.967676445007905,
                "recall": 0.8285144566301097,
                "f1-score": 0.8803776665473568,
                "support": 1003.0
            }
        }
    },
    "validation": {
        "accuracy": 0.8162790697674419,
        "auroc": 0.9121376811594204,
        "aucpr": 0.3078507773672868,
        "recall_died": 0.9375,
        "report": {
            "0": {
                "precision": 0.9970326409495549,
                "recall": 0.8115942028985508,
                "f1-score": 0.8948069241011984,
                "support": 414.0
            },
            "1": {
                "precision": 0.16129032258064516,
                "recall": 0.9375,
                "f1-score": 0.27522935779816515,
                "support": 16.0
            },
            "accuracy": 0.8162790697674419,
            "macro avg": {
                "precision": 0.5791614817651001,
                "recall": 0.8745471014492754,
                "f1-score": 0.5850181409496817,
                "support": 430.0
            },
            "weighted avg": {
                "precision": 0.9659352523590838,
                "recall": 0.8162790697674419,
                "f1-score": 0.8717528751224809,
                "support": 430.0
            }
        }
    },
    "testing": {
        "accuracy": 0.8760330578512396,
        "auroc": 0.9564060581252558,
        "aucpr": 0.5083033635915201,
        "recall_died": 1.0,
        "report": {
            "0": {
                "precision": 1.0,
                "recall": 0.8710601719197708,
                "f1-score": 0.9310872894333844,
                "support": 349.0
            },
            "1": {
                "precision": 0.23728813559322035,
                "recall": 1.0,
                "f1-score": 0.3835616438356164,
                "support": 14.0
            },
            "accuracy": 0.8760330578512396,
            "macro avg": {
                "precision": 0.6186440677966102,
                "recall": 0.9355300859598854,
                "f1-score": 0.6573244666345004,
                "support": 363.0
            },
            "weighted avg": {
                "precision": 0.9705841154223281,
                "recall": 0.8760330578512396,
                "f1-score": 0.9099705978676303,
                "support": 363.0
            }
        }
    }
}