{
    "training": {
        "accuracy": 0.9690927218344965,
        "auroc": 0.9214638630357348,
        "aucpr": 0.46181351182713665,
        "recall_died": 0.25,
        "report": {
            "0": {
                "precision": 0.9727272727272728,
                "recall": 0.9958634953464323,
                "f1-score": 0.9841594276954522,
                "support": 967.0
            },
            "1": {
                "precision": 0.6923076923076923,
                "recall": 0.25,
                "f1-score": 0.3673469387755102,
                "support": 36.0
            },
            "accuracy": 0.9690927218344965,
            "macro avg": {
                "precision": 0.8325174825174826,
                "recall": 0.6229317476732161,
                "f1-score": 0.6757531832354812,
                "support": 1003.0
            },
            "weighted avg": {
                "precision": 0.9626623625626617,
                "recall": 0.9690927218344965,
                "f1-score": 0.9620205945936396,
                "support": 1003.0
            }
        }
    },
    "validation": {
        "accuracy": 0.958139534883721,
        "auroc": 0.8547705314009661,
        "aucpr": 0.3469391947262683,
        "recall_died": 0.1875,
        "report": {
            "0": {
                "precision": 0.9691943127962085,
                "recall": 0.9879227053140096,
                "f1-score": 0.9784688995215312,
                "support": 414.0
            },
            "1": {
                "precision": 0.375,
                "recall": 0.1875,
                "f1-score": 0.25,
                "support": 16.0
            },
            "accuracy": 0.958139534883721,
            "macro avg": {
                "precision": 0.6720971563981042,
                "recall": 0.5877113526570048,
                "f1-score": 0.6142344497607656,
                "support": 430.0
            },
            "weighted avg": {
                "precision": 0.9470847569712333,
                "recall": 0.958139534883721,
                "f1-score": 0.9513630800044509,
                "support": 430.0
            }
        }
    },
    "testing": {
        "accuracy": 0.9641873278236914,
        "auroc": 0.9625460499386,
        "aucpr": 0.6139959751259905,
        "recall_died": 0.14285714285714285,
        "report": {
            "0": {
                "precision": 0.9666666666666667,
                "recall": 0.997134670487106,
                "f1-score": 0.9816643159379408,
                "support": 349.0
            },
            "1": {
                "precision": 0.6666666666666666,
                "recall": 0.14285714285714285,
                "f1-score": 0.23529411764705882,
                "support": 14.0
            },
            "accuracy": 0.9641873278236914,
            "macro avg": {
                "precision": 0.8166666666666667,
                "recall": 0.5699959066721244,
                "f1-score": 0.6084792167924998,
                "support": 363.0
            },
            "weighted avg": {
                "precision": 0.9550964187327824,
                "recall": 0.9641873278236914,
                "f1-score": 0.9528786884556479,
                "support": 363.0
            }
        }
    }
}