{
    "training": {
        "accuracy": 0.967098703888335,
        "auroc": 0.9244513386188671,
        "aucpr": 0.46325467098437195,
        "recall_died": 0.16666666666666666,
        "f2": 0.19607843137254902,
        "report": {
            "0": {
                "precision": 0.9698189134808853,
                "recall": 0.9968976215098242,
                "f1-score": 0.9831718510963794,
                "support": 967.0
            },
            "1": {
                "precision": 0.6666666666666666,
                "recall": 0.16666666666666666,
                "f1-score": 0.26666666666666666,
                "support": 36.0
            },
            "accuracy": 0.967098703888335,
            "macro avg": {
                "precision": 0.818242790073776,
                "recall": 0.5817821440882455,
                "f1-score": 0.624919258881523,
                "support": 1003.0
            },
            "weighted avg": {
                "precision": 0.9589380751106841,
                "recall": 0.967098703888335,
                "f1-score": 0.9574548155635083,
                "support": 1003.0
            }
        }
    },
    "validation": {
        "accuracy": 0.9651162790697675,
        "auroc": 0.8573369565217391,
        "aucpr": 0.33087311252482016,
        "recall_died": 0.1875,
        "f2": 0.21739130434782608,
        "report": {
            "0": {
                "precision": 0.9694117647058823,
                "recall": 0.9951690821256038,
                "f1-score": 0.9821215733015495,
                "support": 414.0
            },
            "1": {
                "precision": 0.6,
                "recall": 0.1875,
                "f1-score": 0.2857142857142857,
                "support": 16.0
            },
            "accuracy": 0.9651162790697675,
            "macro avg": {
                "precision": 0.7847058823529411,
                "recall": 0.5913345410628019,
                "f1-score": 0.6339179295079176,
                "support": 430.0
            },
            "weighted avg": {
                "precision": 0.9556662106703147,
                "recall": 0.9651162790697675,
                "f1-score": 0.9562087439959768,
                "support": 430.0
            }
        }
    },
    "testing": {
        "accuracy": 0.9641873278236914,
        "auroc": 0.9568153909128121,
        "aucpr": 0.5851038020245337,
        "recall_died": 0.14285714285714285,
        "f2": 0.1694915254237288,
        "report": {
            "0": {
                "precision": 0.9666666666666667,
                "recall": 0.997134670487106,
                "f1-score": 0.9816643159379408,
                "support": 349.0
            },
            "1": {
                "precision": 0.6666666666666666,
                "recall": 0.14285714285714285,
                "f1-score": 0.23529411764705882,
                "support": 14.0
            },
            "accuracy": 0.9641873278236914,
            "macro avg": {
                "precision": 0.8166666666666667,
                "recall": 0.5699959066721244,
                "f1-score": 0.6084792167924998,
                "support": 363.0
            },
            "weighted avg": {
                "precision": 0.9550964187327824,
                "recall": 0.9641873278236914,
                "f1-score": 0.9528786884556479,
                "support": 363.0
            }
        }
    }
}