{
    "training": {
        "accuracy": 0.8364905284147557,
        "auroc": 0.9311157072273928,
        "aucpr": 0.3856962833559274,
        "recall_died": 0.9166666666666666,
        "f2": 0.4881656804733728,
        "report": {
            "0": {
                "precision": 0.9962917181705809,
                "recall": 0.8335056876938987,
                "f1-score": 0.9076576576576577,
                "support": 967.0
            },
            "1": {
                "precision": 0.17010309278350516,
                "recall": 0.9166666666666666,
                "f1-score": 0.28695652173913044,
                "support": 36.0
            },
            "accuracy": 0.8364905284147557,
            "macro avg": {
                "precision": 0.583197405477043,
                "recall": 0.8750861771802827,
                "f1-score": 0.5973070896983941,
                "support": 1003.0
            },
            "weighted avg": {
                "precision": 0.9666378891437268,
                "recall": 0.8364905284147557,
                "f1-score": 0.8853792519816188,
                "support": 1003.0
            }
        }
    },
    "validation": {
        "accuracy": 0.8325581395348837,
        "auroc": 0.8118961352657005,
        "aucpr": 0.27545885697030376,
        "recall_died": 0.75,
        "f2": 0.4166666666666667,
        "report": {
            "0": {
                "precision": 0.9885714285714285,
                "recall": 0.8357487922705314,
                "f1-score": 0.9057591623036649,
                "support": 414.0
            },
            "1": {
                "precision": 0.15,
                "recall": 0.75,
                "f1-score": 0.25,
                "support": 16.0
            },
            "accuracy": 0.8325581395348837,
            "macro avg": {
                "precision": 0.5692857142857143,
                "recall": 0.7928743961352658,
                "f1-score": 0.5778795811518325,
                "support": 430.0
            },
            "weighted avg": {
                "precision": 0.9573687707641195,
                "recall": 0.8325581395348837,
                "f1-score": 0.8813588213807378,
                "support": 430.0
            }
        }
    },
    "testing": {
        "accuracy": 0.8622589531680441,
        "auroc": 0.917519443307409,
        "aucpr": 0.5306140110160268,
        "recall_died": 0.8571428571428571,
        "f2": 0.5172413793103449,
        "report": {
            "0": {
                "precision": 0.9933993399339934,
                "recall": 0.8624641833810889,
                "f1-score": 0.9233128834355828,
                "support": 349.0
            },
            "1": {
                "precision": 0.2,
                "recall": 0.8571428571428571,
                "f1-score": 0.32432432432432434,
                "support": 14.0
            },
            "accuracy": 0.8622589531680441,
            "macro avg": {
                "precision": 0.5966996699669967,
                "recall": 0.8598035202619729,
                "f1-score": 0.6238186038799536,
                "support": 363.0
            },
            "weighted avg": {
                "precision": 0.962799916355272,
                "recall": 0.8622589531680441,
                "f1-score": 0.9002113963073248,
                "support": 363.0
            }
        }
    }
}