{
    "training": {
        "accuracy": 0.839481555333998,
        "auroc": 0.9311157072273928,
        "aucpr": 0.3844565922580037,
        "recall_died": 0.9166666666666666,
        "report": {
            "0": {
                "precision": 0.9963054187192119,
                "recall": 0.8366080661840745,
                "f1-score": 0.9094997189432266,
                "support": 967.0
            },
            "1": {
                "precision": 0.17277486910994763,
                "recall": 0.9166666666666666,
                "f1-score": 0.2907488986784141,
                "support": 36.0
            },
            "accuracy": 0.839481555333998,
            "macro avg": {
                "precision": 0.5845401439145798,
                "recall": 0.8766373664253706,
                "f1-score": 0.6001243088108204,
                "support": 1003.0
            },
            "weighted avg": {
                "precision": 0.9667469942068155,
                "recall": 0.839481555333998,
                "f1-score": 0.8872913146266431,
                "support": 1003.0
            }
        }
    },
    "validation": {
        "accuracy": 0.8348837209302326,
        "auroc": 0.8123490338164252,
        "aucpr": 0.2733014759392501,
        "recall_died": 0.75,
        "report": {
            "0": {
                "precision": 0.9886039886039886,
                "recall": 0.8381642512077294,
                "f1-score": 0.9071895424836601,
                "support": 414.0
            },
            "1": {
                "precision": 0.1518987341772152,
                "recall": 0.75,
                "f1-score": 0.25263157894736843,
                "support": 16.0
            },
            "accuracy": 0.8348837209302326,
            "macro avg": {
                "precision": 0.5702513613906018,
                "recall": 0.7940821256038647,
                "f1-score": 0.5799105607155143,
                "support": 430.0
            },
            "weighted avg": {
                "precision": 0.9574707698346203,
                "recall": 0.8348837209302326,
                "f1-score": 0.8828338973288213,
                "support": 430.0
            }
        }
    },
    "testing": {
        "accuracy": 0.8650137741046832,
        "auroc": 0.9164961113385183,
        "aucpr": 0.5291964244502644,
        "recall_died": 0.8571428571428571,
        "report": {
            "0": {
                "precision": 0.993421052631579,
                "recall": 0.8653295128939829,
                "f1-score": 0.9249617151607963,
                "support": 349.0
            },
            "1": {
                "precision": 0.2033898305084746,
                "recall": 0.8571428571428571,
                "f1-score": 0.3287671232876712,
                "support": 14.0
            },
            "accuracy": 0.8650137741046832,
            "macro avg": {
                "precision": 0.5984054415700268,
                "recall": 0.86123618501842,
                "f1-score": 0.6268644192242337,
                "support": 363.0
            },
            "weighted avg": {
                "precision": 0.9629515289133326,
                "recall": 0.8650137741046832,
                "f1-score": 0.9019679843447529,
                "support": 363.0
            }
        }
    }
}