{
    "training": {
        "accuracy": 0.8544366899302094,
        "auroc": 0.9338159255429163,
        "aucpr": 0.3874078115408631,
        "recall_died": 0.8611111111111112,
        "report": {
            "0": {
                "precision": 0.9939831528279182,
                "recall": 0.8541882109617374,
                "f1-score": 0.9187986651835373,
                "support": 967.0
            },
            "1": {
                "precision": 0.18023255813953487,
                "recall": 0.8611111111111112,
                "f1-score": 0.2980769230769231,
                "support": 36.0
            },
            "accuracy": 0.8544366899302094,
            "macro avg": {
                "precision": 0.5871078554837266,
                "recall": 0.8576496610364243,
                "f1-score": 0.6084377941302301,
                "support": 1003.0
            },
            "weighted avg": {
                "precision": 0.9647757536167698,
                "recall": 0.8544366899302094,
                "f1-score": 0.8965195199035393,
                "support": 1003.0
            }
        }
    },
    "validation": {
        "accuracy": 0.8465116279069768,
        "auroc": 0.9206672705314008,
        "aucpr": 0.3284295764823848,
        "recall_died": 0.875,
        "report": {
            "0": {
                "precision": 0.9943181818181818,
                "recall": 0.8454106280193237,
                "f1-score": 0.9138381201044387,
                "support": 414.0
            },
            "1": {
                "precision": 0.1794871794871795,
                "recall": 0.875,
                "f1-score": 0.2978723404255319,
                "support": 16.0
            },
            "accuracy": 0.8465116279069768,
            "macro avg": {
                "precision": 0.5869026806526806,
                "recall": 0.8602053140096618,
                "f1-score": 0.6058552302649853,
                "support": 430.0
            },
            "weighted avg": {
                "precision": 0.963998888708191,
                "recall": 0.8465116279069768,
                "f1-score": 0.8909184631861536,
                "support": 430.0
            }
        }
    },
    "testing": {
        "accuracy": 0.8650137741046832,
        "auroc": 0.9643880474826033,
        "aucpr": 0.5207183013666088,
        "recall_died": 1.0,
        "report": {
            "0": {
                "precision": 1.0,
                "recall": 0.8595988538681948,
                "f1-score": 0.9244992295839753,
                "support": 349.0
            },
            "1": {
                "precision": 0.2222222222222222,
                "recall": 1.0,
                "f1-score": 0.36363636363636365,
                "support": 14.0
            },
            "accuracy": 0.8650137741046832,
            "macro avg": {
                "precision": 0.6111111111111112,
                "recall": 0.9297994269340975,
                "f1-score": 0.6440677966101696,
                "support": 363.0
            },
            "weighted avg": {
                "precision": 0.9700030609121517,
                "recall": 0.8650137741046832,
                "f1-score": 0.9028681548642328,
                "support": 363.0
            }
        }
    }
}