{
    "training": {
        "accuracy": 0.8126951092611863,
        "auroc": 0.9430805938494167,
        "aucpr": 0.4590538290153808,
        "recall_died": 0.926829268292683,
        "f2": 0.5013192612137203,
        "report": {
            "0": {
                "precision": 0.9959785522788204,
                "recall": 0.8076086956521739,
                "f1-score": 0.8919567827130852,
                "support": 920.0
            },
            "1": {
                "precision": 0.17674418604651163,
                "recall": 0.926829268292683,
                "f1-score": 0.296875,
                "support": 41.0
            },
            "accuracy": 0.8126951092611863,
            "macro avg": {
                "precision": 0.586361369162666,
                "recall": 0.8672189819724284,
                "f1-score": 0.5944158913565426,
                "support": 961.0
            },
            "weighted avg": {
                "precision": 0.9610268259359227,
                "recall": 0.8126951092611863,
                "f1-score": 0.8665682779355238,
                "support": 961.0
            }
        }
    },
    "validation": {
        "accuracy": 0.7917675544794189,
        "auroc": 0.8642305407011289,
        "aucpr": 0.45454558529288863,
        "recall_died": 0.7647058823529411,
        "f2": 0.3987730061349693,
        "report": {
            "0": {
                "precision": 0.9874213836477987,
                "recall": 0.7929292929292929,
                "f1-score": 0.8795518207282913,
                "support": 396.0
            },
            "1": {
                "precision": 0.1368421052631579,
                "recall": 0.7647058823529411,
                "f1-score": 0.23214285714285715,
                "support": 17.0
            },
            "accuracy": 0.7917675544794189,
            "macro avg": {
                "precision": 0.5621317444554783,
                "recall": 0.778817587641117,
                "f1-score": 0.5558473389355743,
                "support": 413.0
            },
            "weighted avg": {
                "precision": 0.952409645796615,
                "recall": 0.7917675544794189,
                "f1-score": 0.8529030256170264,
                "support": 413.0
            }
        }
    },
    "testing": {
        "accuracy": 0.8205882352941176,
        "auroc": 0.8645833333333334,
        "aucpr": 0.43186203536738477,
        "recall_died": 0.8125,
        "f2": 0.48148148148148145,
        "report": {
            "0": {
                "precision": 0.9888475836431226,
                "recall": 0.8209876543209876,
                "f1-score": 0.897133220910624,
                "support": 324.0
            },
            "1": {
                "precision": 0.18309859154929578,
                "recall": 0.8125,
                "f1-score": 0.2988505747126437,
                "support": 16.0
            },
            "accuracy": 0.8205882352941176,
            "macro avg": {
                "precision": 0.5859730875962093,
                "recall": 0.8167438271604939,
                "f1-score": 0.5979918978116339,
                "support": 340.0
            },
            "weighted avg": {
                "precision": 0.9509299840151778,
                "recall": 0.8205882352941176,
                "f1-score": 0.8689787434424838,
                "support": 340.0
            }
        }
    }
}