{
    "training": {
        "accuracy": 0.9583766909469302,
        "auroc": 0.8872348886532344,
        "aucpr": 0.38232150146371363,
        "recall_died": 0.07317073170731707,
        "f2": 0.08875739644970414,
        "report": {
            "0": {
                "precision": 0.9602510460251046,
                "recall": 0.9978260869565218,
                "f1-score": 0.9786780383795309,
                "support": 920.0
            },
            "1": {
                "precision": 0.6,
                "recall": 0.07317073170731707,
                "f1-score": 0.13043478260869565,
                "support": 41.0
            },
            "accuracy": 0.9583766909469302,
            "macro avg": {
                "precision": 0.7801255230125523,
                "recall": 0.5354984093319194,
                "f1-score": 0.5545564104941133,
                "support": 961.0
            },
            "weighted avg": {
                "precision": 0.9448813343840752,
                "recall": 0.9583766909469302,
                "f1-score": 0.9424886799127211,
                "support": 961.0
            }
        }
    },
    "validation": {
        "accuracy": 0.9515738498789347,
        "auroc": 0.8363784907902554,
        "aucpr": 0.24564737328109937,
        "recall_died": 0.058823529411764705,
        "f2": 0.0684931506849315,
        "report": {
            "0": {
                "precision": 0.9607843137254902,
                "recall": 0.98989898989899,
                "f1-score": 0.9751243781094527,
                "support": 396.0
            },
            "1": {
                "precision": 0.2,
                "recall": 0.058823529411764705,
                "f1-score": 0.09090909090909091,
                "support": 17.0
            },
            "accuracy": 0.9515738498789347,
            "macro avg": {
                "precision": 0.5803921568627451,
                "recall": 0.5243612596553773,
                "f1-score": 0.5330167345092718,
                "support": 413.0
            },
            "weighted avg": {
                "precision": 0.9294687366472013,
                "recall": 0.9515738498789347,
                "f1-score": 0.9387281072077429,
                "support": 413.0
            }
        }
    },
    "testing": {
        "accuracy": 0.9588235294117647,
        "auroc": 0.8919753086419754,
        "aucpr": 0.47838550277415004,
        "recall_died": 0.125,
        "f2": 0.15151515151515152,
        "report": {
            "0": {
                "precision": 0.9585798816568047,
                "recall": 1.0,
                "f1-score": 0.9788519637462235,
                "support": 324.0
            },
            "1": {
                "precision": 1.0,
                "recall": 0.125,
                "f1-score": 0.2222222222222222,
                "support": 16.0
            },
            "accuracy": 0.9588235294117647,
            "macro avg": {
                "precision": 0.9792899408284024,
                "recall": 0.5625,
                "f1-score": 0.6005370929842229,
                "support": 340.0
            },
            "weighted avg": {
                "precision": 0.9605290636964845,
                "recall": 0.9588235294117647,
                "f1-score": 0.943245858262741,
                "support": 340.0
            }
        }
    }
}