{
    "training": {
        "accuracy": 0.9573361082206036,
        "auroc": 0.8862539766702016,
        "aucpr": 0.40182663035093386,
        "recall_died": 0.0975609756097561,
        "report": {
            "0": {
                "precision": 0.9611752360965372,
                "recall": 0.9956521739130435,
                "f1-score": 0.9781099839829152,
                "support": 920.0
            },
            "1": {
                "precision": 0.5,
                "recall": 0.0975609756097561,
                "f1-score": 0.16326530612244897,
                "support": 41.0
            },
            "accuracy": 0.9573361082206036,
            "macro avg": {
                "precision": 0.7305876180482687,
                "recall": 0.5466065747613998,
                "f1-score": 0.5706876450526821,
                "support": 961.0
            },
            "weighted avg": {
                "precision": 0.941499705732377,
                "recall": 0.9573361082206036,
                "f1-score": 0.943345538829659,
                "support": 961.0
            }
        }
    },
    "validation": {
        "accuracy": 0.9564164648910412,
        "auroc": 0.8302881758764111,
        "aucpr": 0.26945170687191605,
        "recall_died": 0.11764705882352941,
        "report": {
            "0": {
                "precision": 0.9632352941176471,
                "recall": 0.9924242424242424,
                "f1-score": 0.9776119402985075,
                "support": 396.0
            },
            "1": {
                "precision": 0.4,
                "recall": 0.11764705882352941,
                "f1-score": 0.18181818181818182,
                "support": 17.0
            },
            "accuracy": 0.9564164648910412,
            "macro avg": {
                "precision": 0.6816176470588236,
                "recall": 0.5550356506238859,
                "f1-score": 0.5797150610583447,
                "support": 413.0
            },
            "weighted avg": {
                "precision": 0.9400512747471871,
                "recall": 0.9564164648910412,
                "f1-score": 0.9448552964869685,
                "support": 413.0
            }
        }
    },
    "testing": {
        "accuracy": 0.9588235294117647,
        "auroc": 0.886766975308642,
        "aucpr": 0.4679316484759332,
        "recall_died": 0.125,
        "report": {
            "0": {
                "precision": 0.9585798816568047,
                "recall": 1.0,
                "f1-score": 0.9788519637462235,
                "support": 324.0
            },
            "1": {
                "precision": 1.0,
                "recall": 0.125,
                "f1-score": 0.2222222222222222,
                "support": 16.0
            },
            "accuracy": 0.9588235294117647,
            "macro avg": {
                "precision": 0.9792899408284024,
                "recall": 0.5625,
                "f1-score": 0.6005370929842229,
                "support": 340.0
            },
            "weighted avg": {
                "precision": 0.9605290636964845,
                "recall": 0.9588235294117647,
                "f1-score": 0.943245858262741,
                "support": 340.0
            }
        }
    }
}