{
    "training": {
        "accuracy": 0.8199791883454735,
        "auroc": 0.8924310710498409,
        "aucpr": 0.3352309312194912,
        "recall_died": 0.8536585365853658,
        "report": {
            "0": {
                "precision": 0.9920948616600791,
                "recall": 0.8184782608695652,
                "f1-score": 0.8969624776652769,
                "support": 920.0
            },
            "1": {
                "precision": 0.17326732673267325,
                "recall": 0.8536585365853658,
                "f1-score": 0.2880658436213992,
                "support": 41.0
            },
            "accuracy": 0.8199791883454735,
            "macro avg": {
                "precision": 0.5826810941963761,
                "recall": 0.8360683987274655,
                "f1-score": 0.5925141606433381,
                "support": 961.0
            },
            "weighted avg": {
                "precision": 0.9571604923239463,
                "recall": 0.8199791883454735,
                "f1-score": 0.8709845775655902,
                "support": 961.0
            }
        }
    },
    "validation": {
        "accuracy": 0.7893462469733656,
        "auroc": 0.8497474747474747,
        "aucpr": 0.21034030260928993,
        "recall_died": 0.8235294117647058,
        "report": {
            "0": {
                "precision": 0.9904761904761905,
                "recall": 0.7878787878787878,
                "f1-score": 0.8776371308016878,
                "support": 396.0
            },
            "1": {
                "precision": 0.14285714285714285,
                "recall": 0.8235294117647058,
                "f1-score": 0.24347826086956523,
                "support": 17.0
            },
            "accuracy": 0.7893462469733656,
            "macro avg": {
                "precision": 0.5666666666666667,
                "recall": 0.8057040998217468,
                "f1-score": 0.5605576958356265,
                "support": 413.0
            },
            "weighted avg": {
                "precision": 0.9555863023175373,
                "recall": 0.7893462469733656,
                "f1-score": 0.8515337390611404,
                "support": 413.0
            }
        }
    },
    "testing": {
        "accuracy": 0.8382352941176471,
        "auroc": 0.8935185185185185,
        "aucpr": 0.4517204814467586,
        "recall_died": 0.6875,
        "report": {
            "0": {
                "precision": 0.982078853046595,
                "recall": 0.845679012345679,
                "f1-score": 0.9087893864013267,
                "support": 324.0
            },
            "1": {
                "precision": 0.18032786885245902,
                "recall": 0.6875,
                "f1-score": 0.2857142857142857,
                "support": 16.0
            },
            "accuracy": 0.8382352941176471,
            "macro avg": {
                "precision": 0.5812033609495271,
                "recall": 0.7665895061728395,
                "f1-score": 0.5972518360578062,
                "support": 340.0
            },
            "weighted avg": {
                "precision": 0.9443493949668709,
                "recall": 0.8382352941176471,
                "f1-score": 0.8794682051925248,
                "support": 340.0
            }
        }
    }
}