{
    "training": {
        "accuracy": 0.8168574401664932,
        "auroc": 0.8926166489925769,
        "aucpr": 0.3362699574104726,
        "recall_died": 0.8536585365853658,
        "f2": 0.4742547425474255,
        "report": {
            "0": {
                "precision": 0.9920634920634921,
                "recall": 0.8152173913043478,
                "f1-score": 0.8949880668257757,
                "support": 920.0
            },
            "1": {
                "precision": 0.17073170731707318,
                "recall": 0.8536585365853658,
                "f1-score": 0.2845528455284553,
                "support": 41.0
            },
            "accuracy": 0.8168574401664932,
            "macro avg": {
                "precision": 0.5813975996902826,
                "recall": 0.8344379639448568,
                "f1-score": 0.5897704561771155,
                "support": 961.0
            },
            "weighted avg": {
                "precision": 0.9570222816840924,
                "recall": 0.8168574401664932,
                "f1-score": 0.8689445246060148,
                "support": 961.0
            }
        }
    },
    "validation": {
        "accuracy": 0.7869249394673123,
        "auroc": 0.8475193107546048,
        "aucpr": 0.20911714774791393,
        "recall_died": 0.8235294117647058,
        "f2": 0.41916167664670656,
        "report": {
            "0": {
                "precision": 0.9904458598726115,
                "recall": 0.7853535353535354,
                "f1-score": 0.8760563380281691,
                "support": 396.0
            },
            "1": {
                "precision": 0.1414141414141414,
                "recall": 0.8235294117647058,
                "f1-score": 0.2413793103448276,
                "support": 17.0
            },
            "accuracy": 0.7869249394673123,
            "macro avg": {
                "precision": 0.5659300006433764,
                "recall": 0.8044414735591205,
                "f1-score": 0.5587178241864983,
                "support": 413.0
            },
            "weighted avg": {
                "precision": 0.9554978230353379,
                "recall": 0.7869249394673123,
                "f1-score": 0.8499316177603318,
                "support": 413.0
            }
        }
    },
    "testing": {
        "accuracy": 0.8382352941176471,
        "auroc": 0.8940972222222222,
        "aucpr": 0.4524130388139084,
        "recall_died": 0.8125,
        "f2": 0.5038759689922481,
        "report": {
            "0": {
                "precision": 0.9890909090909091,
                "recall": 0.8395061728395061,
                "f1-score": 0.9081803005008348,
                "support": 324.0
            },
            "1": {
                "precision": 0.2,
                "recall": 0.8125,
                "f1-score": 0.32098765432098764,
                "support": 16.0
            },
            "accuracy": 0.8382352941176471,
            "macro avg": {
                "precision": 0.5945454545454546,
                "recall": 0.8260030864197531,
                "f1-score": 0.6145839774109112,
                "support": 340.0
            },
            "weighted avg": {
                "precision": 0.9519572192513369,
                "recall": 0.8382352941176471,
                "f1-score": 0.880547705386489,
                "support": 340.0
            }
        }
    }
}