{
    "training": {
        "accuracy": 0.8106139438085328,
        "auroc": 0.9201352067868505,
        "aucpr": 0.39340864158694666,
        "recall_died": 0.926829268292683,
        "report": {
            "0": {
                "precision": 0.9959677419354839,
                "recall": 0.8054347826086956,
                "f1-score": 0.890625,
                "support": 920.0
            },
            "1": {
                "precision": 0.17511520737327188,
                "recall": 0.926829268292683,
                "f1-score": 0.29457364341085274,
                "support": 41.0
            },
            "accuracy": 0.8106139438085328,
            "macro avg": {
                "precision": 0.5855414746543779,
                "recall": 0.8661320254506892,
                "f1-score": 0.5925993217054264,
                "support": 961.0
            },
            "weighted avg": {
                "precision": 0.9609469782340783,
                "recall": 0.8106139438085328,
                "f1-score": 0.8651951294275182,
                "support": 961.0
            }
        }
    },
    "validation": {
        "accuracy": 0.7917675544794189,
        "auroc": 0.8741087344028521,
        "aucpr": 0.3737944717669106,
        "recall_died": 0.7647058823529411,
        "report": {
            "0": {
                "precision": 0.9874213836477987,
                "recall": 0.7929292929292929,
                "f1-score": 0.8795518207282913,
                "support": 396.0
            },
            "1": {
                "precision": 0.1368421052631579,
                "recall": 0.7647058823529411,
                "f1-score": 0.23214285714285715,
                "support": 17.0
            },
            "accuracy": 0.7917675544794189,
            "macro avg": {
                "precision": 0.5621317444554783,
                "recall": 0.778817587641117,
                "f1-score": 0.5558473389355743,
                "support": 413.0
            },
            "weighted avg": {
                "precision": 0.952409645796615,
                "recall": 0.7917675544794189,
                "f1-score": 0.8529030256170264,
                "support": 413.0
            }
        }
    },
    "testing": {
        "accuracy": 0.8205882352941176,
        "auroc": 0.8923611111111112,
        "aucpr": 0.4379375261940023,
        "recall_died": 0.8125,
        "report": {
            "0": {
                "precision": 0.9888475836431226,
                "recall": 0.8209876543209876,
                "f1-score": 0.897133220910624,
                "support": 324.0
            },
            "1": {
                "precision": 0.18309859154929578,
                "recall": 0.8125,
                "f1-score": 0.2988505747126437,
                "support": 16.0
            },
            "accuracy": 0.8205882352941176,
            "macro avg": {
                "precision": 0.5859730875962093,
                "recall": 0.8167438271604939,
                "f1-score": 0.5979918978116339,
                "support": 340.0
            },
            "weighted avg": {
                "precision": 0.9509299840151778,
                "recall": 0.8205882352941176,
                "f1-score": 0.8689787434424838,
                "support": 340.0
            }
        }
    }
}