{
    "training": {
        "accuracy": 0.8366285119667014,
        "auroc": 0.9549575821845174,
        "aucpr": 0.494919179803844,
        "recall_died": 0.926829268292683,
        "f2": 0.5337078651685393,
        "report": {
            "0": {
                "precision": 0.9960988296488946,
                "recall": 0.8326086956521739,
                "f1-score": 0.9070455891059799,
                "support": 920.0
            },
            "1": {
                "precision": 0.19791666666666666,
                "recall": 0.926829268292683,
                "f1-score": 0.3261802575107296,
                "support": 41.0
            },
            "accuracy": 0.8366285119667014,
            "macro avg": {
                "precision": 0.5970077481577807,
                "recall": 0.8797189819724285,
                "f1-score": 0.6166129233083547,
                "support": 961.0
            },
            "weighted avg": {
                "precision": 0.9620452722271763,
                "recall": 0.8366285119667014,
                "f1-score": 0.882263613460397,
                "support": 961.0
            }
        }
    },
    "validation": {
        "accuracy": 0.8232445520581114,
        "auroc": 0.8557635175282234,
        "aucpr": 0.3657903536587881,
        "recall_died": 0.7647058823529411,
        "f2": 0.43333333333333335,
        "report": {
            "0": {
                "precision": 0.9879154078549849,
                "recall": 0.8257575757575758,
                "f1-score": 0.8995873452544704,
                "support": 396.0
            },
            "1": {
                "precision": 0.15853658536585366,
                "recall": 0.7647058823529411,
                "f1-score": 0.26262626262626265,
                "support": 17.0
            },
            "accuracy": 0.8232445520581114,
            "macro avg": {
                "precision": 0.5732259966104193,
                "recall": 0.7952317290552584,
                "f1-score": 0.5811068039403665,
                "support": 413.0
            },
            "weighted avg": {
                "precision": 0.9537763279946574,
                "recall": 0.8232445520581114,
                "f1-score": 0.873368608197135,
                "support": 413.0
            }
        }
    },
    "testing": {
        "accuracy": 0.8470588235294118,
        "auroc": 0.8504050925925926,
        "aucpr": 0.41584553508496086,
        "recall_died": 0.8125,
        "f2": 0.5158730158730159,
        "report": {
            "0": {
                "precision": 0.9892086330935251,
                "recall": 0.8487654320987654,
                "f1-score": 0.9136212624584718,
                "support": 324.0
            },
            "1": {
                "precision": 0.20967741935483872,
                "recall": 0.8125,
                "f1-score": 0.3333333333333333,
                "support": 16.0
            },
            "accuracy": 0.8470588235294118,
            "macro avg": {
                "precision": 0.5994430262241819,
                "recall": 0.8306327160493827,
                "f1-score": 0.6234772978959026,
                "support": 340.0
            },
            "weighted avg": {
                "precision": 0.9525248112705282,
                "recall": 0.8470588235294118,
                "f1-score": 0.886313595205524,
                "support": 340.0
            }
        }
    }
}