{
    "training": {
        "accuracy": 0.8387096774193549,
        "auroc": 0.9540827147401909,
        "aucpr": 0.4932279842300789,
        "recall_died": 0.926829268292683,
        "report": {
            "0": {
                "precision": 0.9961089494163424,
                "recall": 0.8347826086956521,
                "f1-score": 0.9083382613837966,
                "support": 920.0
            },
            "1": {
                "precision": 0.2,
                "recall": 0.926829268292683,
                "f1-score": 0.329004329004329,
                "support": 41.0
            },
            "accuracy": 0.8387096774193549,
            "macro avg": {
                "precision": 0.5980544747081712,
                "recall": 0.8808059384941676,
                "f1-score": 0.6186712951940628,
                "support": 961.0
            },
            "weighted avg": {
                "precision": 0.9621438433538346,
                "recall": 0.8387096774193549,
                "f1-score": 0.8836216211886267,
                "support": 961.0
            }
        }
    },
    "validation": {
        "accuracy": 0.8256658595641646,
        "auroc": 0.855169340463458,
        "aucpr": 0.364208817447794,
        "recall_died": 0.7647058823529411,
        "report": {
            "0": {
                "precision": 0.9879518072289156,
                "recall": 0.8282828282828283,
                "f1-score": 0.9010989010989011,
                "support": 396.0
            },
            "1": {
                "precision": 0.16049382716049382,
                "recall": 0.7647058823529411,
                "f1-score": 0.2653061224489796,
                "support": 17.0
            },
            "accuracy": 0.8256658595641646,
            "macro avg": {
                "precision": 0.5742228171947047,
                "recall": 0.7964943553178847,
                "f1-score": 0.5832025117739403,
                "support": 413.0
            },
            "weighted avg": {
                "precision": 0.9538917935214988,
                "recall": 0.8256658595641646,
                "f1-score": 0.8749282540358293,
                "support": 413.0
            }
        }
    },
    "testing": {
        "accuracy": 0.8470588235294118,
        "auroc": 0.8499228395061728,
        "aucpr": 0.41222688128758544,
        "recall_died": 0.8125,
        "report": {
            "0": {
                "precision": 0.9892086330935251,
                "recall": 0.8487654320987654,
                "f1-score": 0.9136212624584718,
                "support": 324.0
            },
            "1": {
                "precision": 0.20967741935483872,
                "recall": 0.8125,
                "f1-score": 0.3333333333333333,
                "support": 16.0
            },
            "accuracy": 0.8470588235294118,
            "macro avg": {
                "precision": 0.5994430262241819,
                "recall": 0.8306327160493827,
                "f1-score": 0.6234772978959026,
                "support": 340.0
            },
            "weighted avg": {
                "precision": 0.9525248112705282,
                "recall": 0.8470588235294118,
                "f1-score": 0.886313595205524,
                "support": 340.0
            }
        }
    }
}