{
    "training": {
        "accuracy": 0.959417273673257,
        "auroc": 0.8768292682926829,
        "aucpr": 0.3934958069567522,
        "recall_died": 0.17073170731707318,
        "report": {
            "0": {
                "precision": 0.964172813487882,
                "recall": 0.9945652173913043,
                "f1-score": 0.9791332263242376,
                "support": 920.0
            },
            "1": {
                "precision": 0.5833333333333334,
                "recall": 0.17073170731707318,
                "f1-score": 0.2641509433962264,
                "support": 41.0
            },
            "accuracy": 0.959417273673257,
            "macro avg": {
                "precision": 0.7737530734106077,
                "recall": 0.5826484623541888,
                "f1-score": 0.621642084860232,
                "support": 961.0
            },
            "weighted avg": {
                "precision": 0.9479247191212467,
                "recall": 0.959417273673257,
                "f1-score": 0.9486292995812111,
                "support": 961.0
            }
        }
    },
    "validation": {
        "accuracy": 0.9612590799031477,
        "auroc": 0.8328877005347594,
        "aucpr": 0.3191159027079431,
        "recall_died": 0.17647058823529413,
        "report": {
            "0": {
                "precision": 0.9656862745098039,
                "recall": 0.9949494949494949,
                "f1-score": 0.9800995024875622,
                "support": 396.0
            },
            "1": {
                "precision": 0.6,
                "recall": 0.17647058823529413,
                "f1-score": 0.2727272727272727,
                "support": 17.0
            },
            "accuracy": 0.9612590799031477,
            "macro avg": {
                "precision": 0.782843137254902,
                "recall": 0.5857100415923945,
                "f1-score": 0.6264133876074174,
                "support": 413.0
            },
            "weighted avg": {
                "precision": 0.9506338128471727,
                "recall": 0.9612590799031477,
                "f1-score": 0.9509824857661943,
                "support": 413.0
            }
        }
    },
    "testing": {
        "accuracy": 0.9588235294117647,
        "auroc": 0.8859953703703703,
        "aucpr": 0.41068349170354734,
        "recall_died": 0.125,
        "report": {
            "0": {
                "precision": 0.9585798816568047,
                "recall": 1.0,
                "f1-score": 0.9788519637462235,
                "support": 324.0
            },
            "1": {
                "precision": 1.0,
                "recall": 0.125,
                "f1-score": 0.2222222222222222,
                "support": 16.0
            },
            "accuracy": 0.9588235294117647,
            "macro avg": {
                "precision": 0.9792899408284024,
                "recall": 0.5625,
                "f1-score": 0.6005370929842229,
                "support": 340.0
            },
            "weighted avg": {
                "precision": 0.9605290636964845,
                "recall": 0.9588235294117647,
                "f1-score": 0.943245858262741,
                "support": 340.0
            }
        }
    }
}