{
    "training": {
        "accuracy": 0.8074921956295525,
        "auroc": 0.8826352067868505,
        "aucpr": 0.3571885197123479,
        "recall_died": 0.8048780487804879,
        "report": {
            "0": {
                "precision": 0.9893475366178429,
                "recall": 0.8076086956521739,
                "f1-score": 0.8892878515858768,
                "support": 920.0
            },
            "1": {
                "precision": 0.15714285714285714,
                "recall": 0.8048780487804879,
                "f1-score": 0.26294820717131473,
                "support": 41.0
            },
            "accuracy": 0.8074921956295525,
            "macro avg": {
                "precision": 0.57324519688035,
                "recall": 0.8062433722163309,
                "f1-score": 0.5761180293785957,
                "support": 961.0
            },
            "weighted avg": {
                "precision": 0.9538424462344148,
                "recall": 0.8074921956295525,
                "f1-score": 0.8625657647794283,
                "support": 961.0
            }
        }
    },
    "validation": {
        "accuracy": 0.7869249394673123,
        "auroc": 0.8524955436720143,
        "aucpr": 0.27780065043880914,
        "recall_died": 0.7647058823529411,
        "report": {
            "0": {
                "precision": 0.9873417721518988,
                "recall": 0.7878787878787878,
                "f1-score": 0.8764044943820225,
                "support": 396.0
            },
            "1": {
                "precision": 0.13402061855670103,
                "recall": 0.7647058823529411,
                "f1-score": 0.22807017543859648,
                "support": 17.0
            },
            "accuracy": 0.7869249394673123,
            "macro avg": {
                "precision": 0.5606811953542999,
                "recall": 0.7762923351158645,
                "f1-score": 0.5522373349103095,
                "support": 413.0
            },
            "weighted avg": {
                "precision": 0.9522171726092393,
                "recall": 0.7869249394673123,
                "f1-score": 0.8497176095828984,
                "support": 413.0
            }
        }
    },
    "testing": {
        "accuracy": 0.8411764705882353,
        "auroc": 0.8912037037037037,
        "aucpr": 0.378073221565349,
        "recall_died": 0.6875,
        "report": {
            "0": {
                "precision": 0.9821428571428571,
                "recall": 0.8487654320987654,
                "f1-score": 0.9105960264900662,
                "support": 324.0
            },
            "1": {
                "precision": 0.18333333333333332,
                "recall": 0.6875,
                "f1-score": 0.2894736842105263,
                "support": 16.0
            },
            "accuracy": 0.8411764705882353,
            "macro avg": {
                "precision": 0.5827380952380952,
                "recall": 0.7681327160493827,
                "f1-score": 0.6000348553502963,
                "support": 340.0
            },
            "weighted avg": {
                "precision": 0.9445518207282914,
                "recall": 0.8411764705882353,
                "f1-score": 0.8813667397945585,
                "support": 340.0
            }
        }
    }
}