{
    "training": {
        "accuracy": 0.8054110301768991,
        "auroc": 0.8821580063626724,
        "aucpr": 0.3557286939200111,
        "recall_died": 0.8048780487804879,
        "f2": 0.43882978723404253,
        "report": {
            "0": {
                "precision": 0.9893190921228304,
                "recall": 0.8054347826086956,
                "f1-score": 0.8879568603954464,
                "support": 920.0
            },
            "1": {
                "precision": 0.15566037735849056,
                "recall": 0.8048780487804879,
                "f1-score": 0.2608695652173913,
                "support": 41.0
            },
            "accuracy": 0.8054110301768991,
            "macro avg": {
                "precision": 0.5724897347406604,
                "recall": 0.8051564156945917,
                "f1-score": 0.5744132128064189,
                "support": 961.0
            },
            "weighted avg": {
                "precision": 0.953751966935174,
                "recall": 0.8054110301768991,
                "f1-score": 0.8612028758977355,
                "support": 961.0
            }
        }
    },
    "validation": {
        "accuracy": 0.784503631961259,
        "auroc": 0.8516042780748663,
        "aucpr": 0.2747880475004771,
        "recall_died": 0.7647058823529411,
        "f2": 0.39156626506024095,
        "report": {
            "0": {
                "precision": 0.9873015873015873,
                "recall": 0.7853535353535354,
                "f1-score": 0.8748241912798875,
                "support": 396.0
            },
            "1": {
                "precision": 0.1326530612244898,
                "recall": 0.7647058823529411,
                "f1-score": 0.22608695652173913,
                "support": 17.0
            },
            "accuracy": 0.784503631961259,
            "macro avg": {
                "precision": 0.5599773242630386,
                "recall": 0.7750297088532383,
                "f1-score": 0.5504555739008133,
                "support": 413.0
            },
            "weighted avg": {
                "precision": 0.9521223501507141,
                "recall": 0.784503631961259,
                "f1-score": 0.8481207215682931,
                "support": 413.0
            }
        }
    },
    "testing": {
        "accuracy": 0.8411764705882353,
        "auroc": 0.8917824074074073,
        "aucpr": 0.37840182694582813,
        "recall_died": 0.6875,
        "f2": 0.4435483870967742,
        "report": {
            "0": {
                "precision": 0.9821428571428571,
                "recall": 0.8487654320987654,
                "f1-score": 0.9105960264900662,
                "support": 324.0
            },
            "1": {
                "precision": 0.18333333333333332,
                "recall": 0.6875,
                "f1-score": 0.2894736842105263,
                "support": 16.0
            },
            "accuracy": 0.8411764705882353,
            "macro avg": {
                "precision": 0.5827380952380952,
                "recall": 0.7681327160493827,
                "f1-score": 0.6000348553502963,
                "support": 340.0
            },
            "weighted avg": {
                "precision": 0.9445518207282914,
                "recall": 0.8411764705882353,
                "f1-score": 0.8813667397945585,
                "support": 340.0
            }
        }
    }
}