{
    "training": {
        "accuracy": 0.8158168574401665,
        "auroc": 0.9200291622481442,
        "aucpr": 0.37667577095228666,
        "recall_died": 0.9024390243902439,
        "f2": 0.4946524064171123,
        "report": {
            "0": {
                "precision": 0.9946737683089214,
                "recall": 0.8119565217391305,
                "f1-score": 0.8940754039497307,
                "support": 920.0
            },
            "1": {
                "precision": 0.1761904761904762,
                "recall": 0.9024390243902439,
                "f1-score": 0.2948207171314741,
                "support": 41.0
            },
            "accuracy": 0.8158168574401665,
            "macro avg": {
                "precision": 0.5854321222496988,
                "recall": 0.8571977730646871,
                "f1-score": 0.5944480605406024,
                "support": 961.0
            },
            "weighted avg": {
                "precision": 0.959754085710736,
                "recall": 0.8158168574401665,
                "f1-score": 0.8685088668430204,
                "support": 961.0
            }
        }
    },
    "validation": {
        "accuracy": 0.7966101694915254,
        "auroc": 0.8579916815210932,
        "aucpr": 0.3789723036149051,
        "recall_died": 0.7647058823529411,
        "f2": 0.40372670807453415,
        "report": {
            "0": {
                "precision": 0.9875,
                "recall": 0.797979797979798,
                "f1-score": 0.88268156424581,
                "support": 396.0
            },
            "1": {
                "precision": 0.13978494623655913,
                "recall": 0.7647058823529411,
                "f1-score": 0.23636363636363636,
                "support": 17.0
            },
            "accuracy": 0.7966101694915254,
            "macro avg": {
                "precision": 0.5636424731182796,
                "recall": 0.7813428401663696,
                "f1-score": 0.5595226003047232,
                "support": 413.0
            },
            "weighted avg": {
                "precision": 0.95260616001458,
                "recall": 0.7966101694915254,
                "f1-score": 0.8560776785944857,
                "support": 413.0
            }
        }
    },
    "testing": {
        "accuracy": 0.8294117647058824,
        "auroc": 0.8830054012345679,
        "aucpr": 0.42762865159464586,
        "recall_died": 0.8125,
        "f2": 0.49242424242424243,
        "report": {
            "0": {
                "precision": 0.9889705882352942,
                "recall": 0.8302469135802469,
                "f1-score": 0.9026845637583892,
                "support": 324.0
            },
            "1": {
                "precision": 0.19117647058823528,
                "recall": 0.8125,
                "f1-score": 0.30952380952380953,
                "support": 16.0
            },
            "accuracy": 0.8294117647058824,
            "macro avg": {
                "precision": 0.5900735294117647,
                "recall": 0.8213734567901234,
                "f1-score": 0.6061041866410994,
                "support": 340.0
            },
            "weighted avg": {
                "precision": 0.9514273356401385,
                "recall": 0.8294117647058824,
                "f1-score": 0.8747711165002914,
                "support": 340.0
            }
        }
    }
}