{
    "training": {
        "accuracy": 0.8407908428720083,
        "auroc": 0.9406283138918345,
        "aucpr": 0.41621431861681835,
        "recall_died": 0.9024390243902439,
        "f2": 0.5285714285714286,
        "report": {
            "0": {
                "precision": 0.9948387096774194,
                "recall": 0.8380434782608696,
                "f1-score": 0.9097345132743363,
                "support": 920.0
            },
            "1": {
                "precision": 0.1989247311827957,
                "recall": 0.9024390243902439,
                "f1-score": 0.32599118942731276,
                "support": 41.0
            },
            "accuracy": 0.8407908428720083,
            "macro avg": {
                "precision": 0.5968817204301076,
                "recall": 0.8702412513255567,
                "f1-score": 0.6178628513508245,
                "support": 961.0
            },
            "weighted avg": {
                "precision": 0.9608819218332159,
                "recall": 0.8407908428720083,
                "f1-score": 0.8848297512787817,
                "support": 961.0
            }
        }
    },
    "validation": {
        "accuracy": 0.8280871670702179,
        "auroc": 0.8367498514557339,
        "aucpr": 0.26150351938638444,
        "recall_died": 0.7058823529411765,
        "f2": 0.410958904109589,
        "report": {
            "0": {
                "precision": 0.9850746268656716,
                "recall": 0.8333333333333334,
                "f1-score": 0.9028727770177839,
                "support": 396.0
            },
            "1": {
                "precision": 0.15384615384615385,
                "recall": 0.7058823529411765,
                "f1-score": 0.25263157894736843,
                "support": 17.0
            },
            "accuracy": 0.8280871670702179,
            "macro avg": {
                "precision": 0.5694603903559128,
                "recall": 0.7696078431372549,
                "f1-score": 0.5777521779825762,
                "support": 413.0
            },
            "weighted avg": {
                "precision": 0.9508594112692266,
                "recall": 0.8280871670702179,
                "f1-score": 0.8761074008260233,
                "support": 413.0
            }
        }
    },
    "testing": {
        "accuracy": 0.8705882352941177,
        "auroc": 0.9348958333333334,
        "aucpr": 0.5260586260875894,
        "recall_died": 0.75,
        "f2": 0.5172413793103449,
        "report": {
            "0": {
                "precision": 0.9861111111111112,
                "recall": 0.8765432098765432,
                "f1-score": 0.9281045751633987,
                "support": 324.0
            },
            "1": {
                "precision": 0.23076923076923078,
                "recall": 0.75,
                "f1-score": 0.35294117647058826,
                "support": 16.0
            },
            "accuracy": 0.8705882352941177,
            "macro avg": {
                "precision": 0.608440170940171,
                "recall": 0.8132716049382716,
                "f1-score": 0.6405228758169935,
                "support": 340.0
            },
            "weighted avg": {
                "precision": 0.9505656108597285,
                "recall": 0.8705882352941177,
                "f1-score": 0.901038062283737,
                "support": 340.0
            }
        }
    }
}