{
    "training": {
        "accuracy": 0.959417273673257,
        "auroc": 0.9080063626723224,
        "aucpr": 0.4197761178654777,
        "recall_died": 0.14634146341463414,
        "f2": 0.1724137931034483,
        "report": {
            "0": {
                "precision": 0.9631966351209253,
                "recall": 0.9956521739130435,
                "f1-score": 0.9791555318011759,
                "support": 920.0
            },
            "1": {
                "precision": 0.6,
                "recall": 0.14634146341463414,
                "f1-score": 0.23529411764705882,
                "support": 41.0
            },
            "accuracy": 0.959417273673257,
            "macro avg": {
                "precision": 0.7815983175604626,
                "recall": 0.5709968186638388,
                "f1-score": 0.6072248247241173,
                "support": 961.0
            },
            "weighted avg": {
                "precision": 0.9477012531854853,
                "recall": 0.959417273673257,
                "f1-score": 0.9474195089288359,
                "support": 961.0
            }
        }
    },
    "validation": {
        "accuracy": 0.9636803874092009,
        "auroc": 0.8300653594771241,
        "aucpr": 0.3587697823614297,
        "recall_died": 0.23529411764705882,
        "f2": 0.2702702702702703,
        "report": {
            "0": {
                "precision": 0.9680589680589681,
                "recall": 0.9949494949494949,
                "f1-score": 0.9813200498132005,
                "support": 396.0
            },
            "1": {
                "precision": 0.6666666666666666,
                "recall": 0.23529411764705882,
                "f1-score": 0.34782608695652173,
                "support": 17.0
            },
            "accuracy": 0.9636803874092009,
            "macro avg": {
                "precision": 0.8173628173628174,
                "recall": 0.6151218062982768,
                "f1-score": 0.6645730683848612,
                "support": 413.0
            },
            "weighted avg": {
                "precision": 0.9556529895512946,
                "recall": 0.9636803874092009,
                "f1-score": 0.9552440271290273,
                "support": 413.0
            }
        }
    },
    "testing": {
        "accuracy": 0.9558823529411765,
        "auroc": 0.9342206790123456,
        "aucpr": 0.5057007012331475,
        "recall_died": 0.125,
        "f2": 0.14925373134328357,
        "report": {
            "0": {
                "precision": 0.9584569732937686,
                "recall": 0.9969135802469136,
                "f1-score": 0.9773071104387292,
                "support": 324.0
            },
            "1": {
                "precision": 0.6666666666666666,
                "recall": 0.125,
                "f1-score": 0.21052631578947367,
                "support": 16.0
            },
            "accuracy": 0.9558823529411765,
            "macro avg": {
                "precision": 0.8125618199802176,
                "recall": 0.5609567901234568,
                "f1-score": 0.5939167131141014,
                "support": 340.0
            },
            "weighted avg": {
                "precision": 0.9447256647466108,
                "recall": 0.9558823529411765,
                "f1-score": 0.9412233083375877,
                "support": 340.0
            }
        }
    }
}