{
    "training": {
        "accuracy": 0.8324661810613944,
        "auroc": 0.9190880169671262,
        "aucpr": 0.34006070570714325,
        "recall_died": 0.8536585365853658,
        "report": {
            "0": {
                "precision": 0.9922178988326849,
                "recall": 0.8315217391304348,
                "f1-score": 0.9047900650502662,
                "support": 920.0
            },
            "1": {
                "precision": 0.18421052631578946,
                "recall": 0.8536585365853658,
                "f1-score": 0.30303030303030304,
                "support": 41.0
            },
            "accuracy": 0.8324661810613944,
            "macro avg": {
                "precision": 0.5882142125742371,
                "recall": 0.8425901378579004,
                "f1-score": 0.6039101840402846,
                "support": 961.0
            },
            "weighted avg": {
                "precision": 0.9577451597346697,
                "recall": 0.8324661810613944,
                "f1-score": 0.879116651686251,
                "support": 961.0
            }
        }
    },
    "validation": {
        "accuracy": 0.8280871670702179,
        "auroc": 0.8122400475341651,
        "aucpr": 0.29907081041966516,
        "recall_died": 0.7647058823529411,
        "report": {
            "0": {
                "precision": 0.987987987987988,
                "recall": 0.8308080808080808,
                "f1-score": 0.9026063100137174,
                "support": 396.0
            },
            "1": {
                "precision": 0.1625,
                "recall": 0.7647058823529411,
                "f1-score": 0.26804123711340205,
                "support": 17.0
            },
            "accuracy": 0.8280871670702179,
            "macro avg": {
                "precision": 0.5752439939939941,
                "recall": 0.797756981580511,
                "f1-score": 0.5853237735635597,
                "support": 413.0
            },
            "weighted avg": {
                "precision": 0.9540090635429619,
                "recall": 0.8280871670702179,
                "f1-score": 0.8764861980541403,
                "support": 413.0
            }
        }
    },
    "testing": {
        "accuracy": 0.8470588235294118,
        "auroc": 0.8871527777777778,
        "aucpr": 0.5037788919785413,
        "recall_died": 0.8125,
        "report": {
            "0": {
                "precision": 0.9892086330935251,
                "recall": 0.8487654320987654,
                "f1-score": 0.9136212624584718,
                "support": 324.0
            },
            "1": {
                "precision": 0.20967741935483872,
                "recall": 0.8125,
                "f1-score": 0.3333333333333333,
                "support": 16.0
            },
            "accuracy": 0.8470588235294118,
            "macro avg": {
                "precision": 0.5994430262241819,
                "recall": 0.8306327160493827,
                "f1-score": 0.6234772978959026,
                "support": 340.0
            },
            "weighted avg": {
                "precision": 0.9525248112705282,
                "recall": 0.8470588235294118,
                "f1-score": 0.886313595205524,
                "support": 340.0
            }
        }
    }
}