{
    "training": {
        "accuracy": 0.8283038501560874,
        "auroc": 0.9190615058324496,
        "aucpr": 0.34034234623727355,
        "recall_died": 0.8536585365853658,
        "f2": 0.4888268156424581,
        "report": {
            "0": {
                "precision": 0.9921773142112125,
                "recall": 0.8271739130434783,
                "f1-score": 0.9021932424422051,
                "support": 920.0
            },
            "1": {
                "precision": 0.18041237113402062,
                "recall": 0.8536585365853658,
                "f1-score": 0.2978723404255319,
                "support": 41.0
            },
            "accuracy": 0.8283038501560874,
            "macro avg": {
                "precision": 0.5862948426726166,
                "recall": 0.840416224814422,
                "f1-score": 0.6000327914338686,
                "support": 961.0
            },
            "weighted avg": {
                "precision": 0.9575442625294592,
                "recall": 0.8283038501560874,
                "f1-score": 0.8764105608785385,
                "support": 961.0
            }
        }
    },
    "validation": {
        "accuracy": 0.8232445520581114,
        "auroc": 0.8117944147355912,
        "aucpr": 0.29836874043571326,
        "recall_died": 0.7647058823529411,
        "f2": 0.43333333333333335,
        "report": {
            "0": {
                "precision": 0.9879154078549849,
                "recall": 0.8257575757575758,
                "f1-score": 0.8995873452544704,
                "support": 396.0
            },
            "1": {
                "precision": 0.15853658536585366,
                "recall": 0.7647058823529411,
                "f1-score": 0.26262626262626265,
                "support": 17.0
            },
            "accuracy": 0.8232445520581114,
            "macro avg": {
                "precision": 0.5732259966104193,
                "recall": 0.7952317290552584,
                "f1-score": 0.5811068039403665,
                "support": 413.0
            },
            "weighted avg": {
                "precision": 0.9537763279946574,
                "recall": 0.8232445520581114,
                "f1-score": 0.873368608197135,
                "support": 413.0
            }
        }
    },
    "testing": {
        "accuracy": 0.8470588235294118,
        "auroc": 0.8900462962962963,
        "aucpr": 0.5023856852120065,
        "recall_died": 0.875,
        "f2": 0.546875,
        "report": {
            "0": {
                "precision": 0.9927536231884058,
                "recall": 0.845679012345679,
                "f1-score": 0.9133333333333333,
                "support": 324.0
            },
            "1": {
                "precision": 0.21875,
                "recall": 0.875,
                "f1-score": 0.35,
                "support": 16.0
            },
            "accuracy": 0.8470588235294118,
            "macro avg": {
                "precision": 0.6057518115942029,
                "recall": 0.8603395061728395,
                "f1-score": 0.6316666666666666,
                "support": 340.0
            },
            "weighted avg": {
                "precision": 0.9563299232736572,
                "recall": 0.8470588235294118,
                "f1-score": 0.8868235294117648,
                "support": 340.0
            }
        }
    }
}