{
    "training": {
        "accuracy": 0.8522372528616025,
        "auroc": 0.9412115588547189,
        "aucpr": 0.4671267861620275,
        "recall_died": 0.9024390243902439,
        "report": {
            "0": {
                "precision": 0.9949109414758269,
                "recall": 0.85,
                "f1-score": 0.9167643610785463,
                "support": 920.0
            },
            "1": {
                "precision": 0.21142857142857144,
                "recall": 0.9024390243902439,
                "f1-score": 0.3425925925925926,
                "support": 41.0
            },
            "accuracy": 0.8522372528616025,
            "macro avg": {
                "precision": 0.6031697564521992,
                "recall": 0.876219512195122,
                "f1-score": 0.6296784768355694,
                "support": 961.0
            },
            "weighted avg": {
                "precision": 0.9614845344290658,
                "recall": 0.8522372528616025,
                "f1-score": 0.8922679588850768,
                "support": 961.0
            }
        }
    },
    "validation": {
        "accuracy": 0.837772397094431,
        "auroc": 0.8620023767082591,
        "aucpr": 0.2796898882510989,
        "recall_died": 0.7058823529411765,
        "report": {
            "0": {
                "precision": 0.9852507374631269,
                "recall": 0.8434343434343434,
                "f1-score": 0.908843537414966,
                "support": 396.0
            },
            "1": {
                "precision": 0.16216216216216217,
                "recall": 0.7058823529411765,
                "f1-score": 0.26373626373626374,
                "support": 17.0
            },
            "accuracy": 0.837772397094431,
            "macro avg": {
                "precision": 0.5737064498126445,
                "recall": 0.77465834818776,
                "f1-score": 0.5862899005756149,
                "support": 413.0
            },
            "weighted avg": {
                "precision": 0.9513705781892372,
                "recall": 0.837772397094431,
                "f1-score": 0.8822894849875135,
                "support": 413.0
            }
        }
    },
    "testing": {
        "accuracy": 0.85,
        "auroc": 0.8992091049382716,
        "aucpr": 0.4731273332558737,
        "recall_died": 0.8125,
        "report": {
            "0": {
                "precision": 0.989247311827957,
                "recall": 0.8518518518518519,
                "f1-score": 0.9154228855721394,
                "support": 324.0
            },
            "1": {
                "precision": 0.21311475409836064,
                "recall": 0.8125,
                "f1-score": 0.33766233766233766,
                "support": 16.0
            },
            "accuracy": 0.85,
            "macro avg": {
                "precision": 0.6011810329631588,
                "recall": 0.8321759259259259,
                "f1-score": 0.6265426116172386,
                "support": 340.0
            },
            "weighted avg": {
                "precision": 0.9527234267583289,
                "recall": 0.85,
                "f1-score": 0.8882341539057957,
                "support": 340.0
            }
        }
    }
}