{
    "training": {
        "accuracy": 0.8626430801248699,
        "auroc": 0.9449363732767762,
        "aucpr": 0.36486898437724713,
        "recall_died": 0.926829268292683,
        "report": {
            "0": {
                "precision": 0.9962216624685138,
                "recall": 0.8597826086956522,
                "f1-score": 0.9229871645274212,
                "support": 920.0
            },
            "1": {
                "precision": 0.2275449101796407,
                "recall": 0.926829268292683,
                "f1-score": 0.36538461538461536,
                "support": 41.0
            },
            "accuracy": 0.8626430801248699,
            "macro avg": {
                "precision": 0.6118832863240773,
                "recall": 0.8933059384941675,
                "f1-score": 0.6441858899560183,
                "support": 961.0
            },
            "weighted avg": {
                "precision": 0.9634269206955234,
                "recall": 0.8626430801248699,
                "f1-score": 0.899197669714877,
                "support": 961.0
            }
        }
    },
    "validation": {
        "accuracy": 0.847457627118644,
        "auroc": 0.8404634581105168,
        "aucpr": 0.19097633719725648,
        "recall_died": 0.6470588235294118,
        "report": {
            "0": {
                "precision": 0.9826086956521739,
                "recall": 0.8560606060606061,
                "f1-score": 0.9149797570850202,
                "support": 396.0
            },
            "1": {
                "precision": 0.16176470588235295,
                "recall": 0.6470588235294118,
                "f1-score": 0.25882352941176473,
                "support": 17.0
            },
            "accuracy": 0.847457627118644,
            "macro avg": {
                "precision": 0.5721867007672634,
                "recall": 0.7515597147950089,
                "f1-score": 0.5869016432483924,
                "support": 413.0
            },
            "weighted avg": {
                "precision": 0.9488209285187914,
                "recall": 0.847457627118644,
                "f1-score": 0.8879709050984698,
                "support": 413.0
            }
        }
    },
    "testing": {
        "accuracy": 0.8764705882352941,
        "auroc": 0.8979552469135802,
        "aucpr": 0.3369163663668188,
        "recall_died": 0.6875,
        "report": {
            "0": {
                "precision": 0.9828767123287672,
                "recall": 0.8858024691358025,
                "f1-score": 0.9318181818181818,
                "support": 324.0
            },
            "1": {
                "precision": 0.22916666666666666,
                "recall": 0.6875,
                "f1-score": 0.34375,
                "support": 16.0
            },
            "accuracy": 0.8764705882352941,
            "macro avg": {
                "precision": 0.606021689497717,
                "recall": 0.7866512345679013,
                "f1-score": 0.6377840909090908,
                "support": 340.0
            },
            "weighted avg": {
                "precision": 0.9474080042976095,
                "recall": 0.8764705882352941,
                "f1-score": 0.9041443850267379,
                "support": 340.0
            }
        }
    }
}