{
    "training": {
        "accuracy": 0.9583766909469302,
        "auroc": 0.9158006362672322,
        "aucpr": 0.4396546874552636,
        "recall_died": 0.17073170731707318,
        "report": {
            "0": {
                "precision": 0.9641350210970464,
                "recall": 0.9934782608695653,
                "f1-score": 0.9785867237687366,
                "support": 920.0
            },
            "1": {
                "precision": 0.5384615384615384,
                "recall": 0.17073170731707318,
                "f1-score": 0.25925925925925924,
                "support": 41.0
            },
            "accuracy": 0.9583766909469302,
            "macro avg": {
                "precision": 0.7512982797792924,
                "recall": 0.5821049840933192,
                "f1-score": 0.6189229915139979,
                "support": 961.0
            },
            "weighted avg": {
                "precision": 0.9459741337005263,
                "recall": 0.9583766909469302,
                "f1-score": 0.9478974146689567,
                "support": 961.0
            }
        }
    },
    "validation": {
        "accuracy": 0.9588377723970944,
        "auroc": 0.8492275698158052,
        "aucpr": 0.3407906328081436,
        "recall_died": 0.11764705882352941,
        "report": {
            "0": {
                "precision": 0.9633251833740831,
                "recall": 0.9949494949494949,
                "f1-score": 0.9788819875776398,
                "support": 396.0
            },
            "1": {
                "precision": 0.5,
                "recall": 0.11764705882352941,
                "f1-score": 0.19047619047619047,
                "support": 17.0
            },
            "accuracy": 0.9588377723970944,
            "macro avg": {
                "precision": 0.7316625916870416,
                "recall": 0.5562982768865121,
                "f1-score": 0.5846790890269151,
                "support": 413.0
            },
            "weighted avg": {
                "precision": 0.9442536867218813,
                "recall": 0.9588377723970944,
                "f1-score": 0.9464294487138998,
                "support": 413.0
            }
        }
    },
    "testing": {
        "accuracy": 0.9558823529411765,
        "auroc": 0.9170524691358024,
        "aucpr": 0.45853516769601343,
        "recall_died": 0.0625,
        "report": {
            "0": {
                "precision": 0.9557522123893806,
                "recall": 1.0,
                "f1-score": 0.9773755656108597,
                "support": 324.0
            },
            "1": {
                "precision": 1.0,
                "recall": 0.0625,
                "f1-score": 0.11764705882352941,
                "support": 16.0
            },
            "accuracy": 0.9558823529411765,
            "macro avg": {
                "precision": 0.9778761061946903,
                "recall": 0.53125,
                "f1-score": 0.5475113122171945,
                "support": 340.0
            },
            "weighted avg": {
                "precision": 0.9578344612181157,
                "recall": 0.9558823529411765,
                "f1-score": 0.9369177535267501,
                "support": 340.0
            }
        }
    }
}