{
    "training": {
        "accuracy": 0.959417273673257,
        "auroc": 0.9190349946977731,
        "aucpr": 0.4249221527995133,
        "recall_died": 0.17073170731707318,
        "f2": 0.19886363636363635,
        "report": {
            "0": {
                "precision": 0.964172813487882,
                "recall": 0.9945652173913043,
                "f1-score": 0.9791332263242376,
                "support": 920.0
            },
            "1": {
                "precision": 0.5833333333333334,
                "recall": 0.17073170731707318,
                "f1-score": 0.2641509433962264,
                "support": 41.0
            },
            "accuracy": 0.959417273673257,
            "macro avg": {
                "precision": 0.7737530734106077,
                "recall": 0.5826484623541888,
                "f1-score": 0.621642084860232,
                "support": 961.0
            },
            "weighted avg": {
                "precision": 0.9479247191212467,
                "recall": 0.959417273673257,
                "f1-score": 0.9486292995812111,
                "support": 961.0
            }
        }
    },
    "validation": {
        "accuracy": 0.9612590799031477,
        "auroc": 0.8401663695781343,
        "aucpr": 0.3288739939073189,
        "recall_died": 0.11764705882352941,
        "f2": 0.14084507042253522,
        "report": {
            "0": {
                "precision": 0.9634146341463414,
                "recall": 0.9974747474747475,
                "f1-score": 0.9801488833746899,
                "support": 396.0
            },
            "1": {
                "precision": 0.6666666666666666,
                "recall": 0.11764705882352941,
                "f1-score": 0.2,
                "support": 17.0
            },
            "accuracy": 0.9612590799031477,
            "macro avg": {
                "precision": 0.815040650406504,
                "recall": 0.5575609031491384,
                "f1-score": 0.5900744416873449,
                "support": 413.0
            },
            "weighted avg": {
                "precision": 0.9511998267682434,
                "recall": 0.9612590799031477,
                "f1-score": 0.9480362174730682,
                "support": 413.0
            }
        }
    },
    "testing": {
        "accuracy": 0.9558823529411765,
        "auroc": 0.9195601851851852,
        "aucpr": 0.44732945277363007,
        "recall_died": 0.0625,
        "f2": 0.07692307692307693,
        "report": {
            "0": {
                "precision": 0.9557522123893806,
                "recall": 1.0,
                "f1-score": 0.9773755656108597,
                "support": 324.0
            },
            "1": {
                "precision": 1.0,
                "recall": 0.0625,
                "f1-score": 0.11764705882352941,
                "support": 16.0
            },
            "accuracy": 0.9558823529411765,
            "macro avg": {
                "precision": 0.9778761061946903,
                "recall": 0.53125,
                "f1-score": 0.5475113122171945,
                "support": 340.0
            },
            "weighted avg": {
                "precision": 0.9578344612181157,
                "recall": 0.9558823529411765,
                "f1-score": 0.9369177535267501,
                "support": 340.0
            }
        }
    }
}