{
    "training": {
        "accuracy": 0.8459937565036421,
        "auroc": 0.930116648992577,
        "aucpr": 0.35503026863616854,
        "recall_died": 0.9024390243902439,
        "report": {
            "0": {
                "precision": 0.9948717948717949,
                "recall": 0.8434782608695652,
                "f1-score": 0.9129411764705883,
                "support": 920.0
            },
            "1": {
                "precision": 0.20441988950276244,
                "recall": 0.9024390243902439,
                "f1-score": 0.3333333333333333,
                "support": 41.0
            },
            "accuracy": 0.8459937565036421,
            "macro avg": {
                "precision": 0.5996458421872787,
                "recall": 0.8729586426299045,
                "f1-score": 0.6231372549019608,
                "support": 961.0
            },
            "weighted avg": {
                "precision": 0.9611480403243128,
                "recall": 0.8459937565036421,
                "f1-score": 0.8882128501764909,
                "support": 961.0
            }
        }
    },
    "validation": {
        "accuracy": 0.8087167070217918,
        "auroc": 0.8016934046345812,
        "aucpr": 0.2621735438926339,
        "recall_died": 0.6470588235294118,
        "report": {
            "0": {
                "precision": 0.9817629179331308,
                "recall": 0.8156565656565656,
                "f1-score": 0.8910344827586207,
                "support": 396.0
            },
            "1": {
                "precision": 0.13095238095238096,
                "recall": 0.6470588235294118,
                "f1-score": 0.21782178217821782,
                "support": 17.0
            },
            "accuracy": 0.8087167070217918,
            "macro avg": {
                "precision": 0.5563576494427559,
                "recall": 0.7313576945929887,
                "f1-score": 0.5544281324684193,
                "support": 413.0
            },
            "weighted avg": {
                "precision": 0.9467416609629788,
                "recall": 0.8087167070217918,
                "f1-score": 0.8633235483521635,
                "support": 413.0
            }
        }
    },
    "testing": {
        "accuracy": 0.8441176470588235,
        "auroc": 0.8765432098765433,
        "aucpr": 0.3988391703434206,
        "recall_died": 0.8125,
        "report": {
            "0": {
                "precision": 0.9891696750902527,
                "recall": 0.845679012345679,
                "f1-score": 0.9118136439267887,
                "support": 324.0
            },
            "1": {
                "precision": 0.20634920634920634,
                "recall": 0.8125,
                "f1-score": 0.3291139240506329,
                "support": 16.0
            },
            "accuracy": 0.8441176470588235,
            "macro avg": {
                "precision": 0.5977594407197295,
                "recall": 0.8290895061728395,
                "f1-score": 0.6204637839887108,
                "support": 340.0
            },
            "weighted avg": {
                "precision": 0.9523310647965564,
                "recall": 0.8441176470588235,
                "f1-score": 0.8843924806384988,
                "support": 340.0
            }
        }
    }
}