{
    "training": {
        "accuracy": 0.8439125910509886,
        "auroc": 0.9302226935312832,
        "aucpr": 0.3541334902180424,
        "recall_died": 0.9024390243902439,
        "f2": 0.5331412103746398,
        "report": {
            "0": {
                "precision": 0.9948586118251928,
                "recall": 0.841304347826087,
                "f1-score": 0.911660777385159,
                "support": 920.0
            },
            "1": {
                "precision": 0.20218579234972678,
                "recall": 0.9024390243902439,
                "f1-score": 0.33035714285714285,
                "support": 41.0
            },
            "accuracy": 0.8439125910509886,
            "macro avg": {
                "precision": 0.5985222020874598,
                "recall": 0.8718716861081655,
                "f1-score": 0.6210089601211509,
                "support": 961.0
            },
            "weighted avg": {
                "precision": 0.9610401044386224,
                "recall": 0.8439125910509886,
                "f1-score": 0.886860102030686,
                "support": 961.0
            }
        }
    },
    "validation": {
        "accuracy": 0.801452784503632,
        "auroc": 0.8018419489007724,
        "aucpr": 0.2613887677738865,
        "recall_died": 0.6470588235294118,
        "f2": 0.3548387096774194,
        "report": {
            "0": {
                "precision": 0.9815950920245399,
                "recall": 0.8080808080808081,
                "f1-score": 0.8864265927977839,
                "support": 396.0
            },
            "1": {
                "precision": 0.12643678160919541,
                "recall": 0.6470588235294118,
                "f1-score": 0.21153846153846154,
                "support": 17.0
            },
            "accuracy": 0.801452784503632,
            "macro avg": {
                "precision": 0.5540159368168677,
                "recall": 0.7275698158051099,
                "f1-score": 0.5489825271681227,
                "support": 413.0
            },
            "weighted avg": {
                "precision": 0.9463948710147073,
                "recall": 0.801452784503632,
                "f1-score": 0.8586466939323881,
                "support": 413.0
            }
        }
    },
    "testing": {
        "accuracy": 0.8411764705882353,
        "auroc": 0.8811728395061728,
        "aucpr": 0.40259707175078874,
        "recall_died": 0.8125,
        "f2": 0.5078125,
        "report": {
            "0": {
                "precision": 0.9891304347826086,
                "recall": 0.8425925925925926,
                "f1-score": 0.91,
                "support": 324.0
            },
            "1": {
                "precision": 0.203125,
                "recall": 0.8125,
                "f1-score": 0.325,
                "support": 16.0
            },
            "accuracy": 0.8411764705882353,
            "macro avg": {
                "precision": 0.5961277173913043,
                "recall": 0.8275462962962963,
                "f1-score": 0.6175,
                "support": 340.0
            },
            "weighted avg": {
                "precision": 0.9521419437340153,
                "recall": 0.8411764705882353,
                "f1-score": 0.8824705882352942,
                "support": 340.0
            }
        }
    }
}