{
    "training": {
        "accuracy": 0.8730489073881373,
        "auroc": 0.9475079533404029,
        "aucpr": 0.4717738344815239,
        "recall_died": 0.9024390243902439,
        "report": {
            "0": {
                "precision": 0.9950372208436724,
                "recall": 0.8717391304347826,
                "f1-score": 0.929316338354577,
                "support": 920.0
            },
            "1": {
                "precision": 0.23870967741935484,
                "recall": 0.9024390243902439,
                "f1-score": 0.37755102040816324,
                "support": 41.0
            },
            "accuracy": 0.8730489073881373,
            "macro avg": {
                "precision": 0.6168734491315137,
                "recall": 0.8870890774125133,
                "f1-score": 0.6534336793813702,
                "support": 961.0
            },
            "weighted avg": {
                "precision": 0.9627693443812405,
                "recall": 0.8730489073881373,
                "f1-score": 0.905775882542087,
                "support": 961.0
            }
        }
    },
    "validation": {
        "accuracy": 0.8450363196125908,
        "auroc": 0.8645276292335116,
        "aucpr": 0.29838103070668814,
        "recall_died": 0.7058823529411765,
        "report": {
            "0": {
                "precision": 0.9853801169590644,
                "recall": 0.851010101010101,
                "f1-score": 0.9132791327913279,
                "support": 396.0
            },
            "1": {
                "precision": 0.16901408450704225,
                "recall": 0.7058823529411765,
                "f1-score": 0.2727272727272727,
                "support": 17.0
            },
            "accuracy": 0.8450363196125908,
            "macro avg": {
                "precision": 0.5771971007330533,
                "recall": 0.7784462269756387,
                "f1-score": 0.5930032027593003,
                "support": 413.0
            },
            "weighted avg": {
                "precision": 0.9517766725239932,
                "recall": 0.8450363196125908,
                "f1-score": 0.8869125913359066,
                "support": 413.0
            }
        }
    },
    "testing": {
        "accuracy": 0.8676470588235294,
        "auroc": 0.9041280864197531,
        "aucpr": 0.40514655034703634,
        "recall_died": 0.75,
        "report": {
            "0": {
                "precision": 0.9860627177700348,
                "recall": 0.8734567901234568,
                "f1-score": 0.9263502454991817,
                "support": 324.0
            },
            "1": {
                "precision": 0.22641509433962265,
                "recall": 0.75,
                "f1-score": 0.34782608695652173,
                "support": 16.0
            },
            "accuracy": 0.8676470588235294,
            "macro avg": {
                "precision": 0.6062389060548288,
                "recall": 0.8117283950617284,
                "f1-score": 0.6370881662278517,
                "support": 340.0
            },
            "weighted avg": {
                "precision": 0.950314594314486,
                "recall": 0.8676470588235294,
                "f1-score": 0.8991255792148213,
                "support": 340.0
            }
        }
    }
}