{
    "training": {
        "accuracy": 0.8449531737773153,
        "auroc": 0.9629772004241781,
        "aucpr": 0.5683068081307997,
        "recall_died": 1.0,
        "report": {
            "0": {
                "precision": 1.0,
                "recall": 0.8380434782608696,
                "f1-score": 0.911886457717327,
                "support": 920.0
            },
            "1": {
                "precision": 0.21578947368421053,
                "recall": 1.0,
                "f1-score": 0.354978354978355,
                "support": 41.0
            },
            "accuracy": 0.8449531737773153,
            "macro avg": {
                "precision": 0.6078947368421053,
                "recall": 0.9190217391304347,
                "f1-score": 0.633432406347841,
                "support": 961.0
            },
            "weighted avg": {
                "precision": 0.9665425269729996,
                "recall": 0.8449531737773153,
                "f1-score": 0.8881265906910025,
                "support": 961.0
            }
        }
    },
    "validation": {
        "accuracy": 0.8184019370460048,
        "auroc": 0.827243018419489,
        "aucpr": 0.38523723200121035,
        "recall_died": 0.7058823529411765,
        "report": {
            "0": {
                "precision": 0.9848942598187311,
                "recall": 0.8232323232323232,
                "f1-score": 0.8968363136176066,
                "support": 396.0
            },
            "1": {
                "precision": 0.14634146341463414,
                "recall": 0.7058823529411765,
                "f1-score": 0.24242424242424243,
                "support": 17.0
            },
            "accuracy": 0.8184019370460048,
            "macro avg": {
                "precision": 0.5656178616166826,
                "recall": 0.7645573380867499,
                "f1-score": 0.5696302780209246,
                "support": 413.0
            },
            "weighted avg": {
                "precision": 0.9503775587560928,
                "recall": 0.8184019370460048,
                "f1-score": 0.8698992549970566,
                "support": 413.0
            }
        }
    },
    "testing": {
        "accuracy": 0.8323529411764706,
        "auroc": 0.8668981481481481,
        "aucpr": 0.4117416485942193,
        "recall_died": 0.75,
        "report": {
            "0": {
                "precision": 0.9854545454545455,
                "recall": 0.8364197530864198,
                "f1-score": 0.9048414023372288,
                "support": 324.0
            },
            "1": {
                "precision": 0.18461538461538463,
                "recall": 0.75,
                "f1-score": 0.2962962962962963,
                "support": 16.0
            },
            "accuracy": 0.8323529411764706,
            "macro avg": {
                "precision": 0.5850349650349651,
                "recall": 0.7932098765432098,
                "f1-score": 0.6005688493167625,
                "support": 340.0
            },
            "weighted avg": {
                "precision": 0.9477679967091732,
                "recall": 0.8323529411764706,
                "f1-score": 0.8762039855823615,
                "support": 340.0
            }
        }
    }
}