{
    "training": {
        "accuracy": 0.850156087408949,
        "auroc": 0.9623011664899258,
        "aucpr": 0.5588664844139563,
        "recall_died": 0.975609756097561,
        "f2": 0.5763688760806917,
        "report": {
            "0": {
                "precision": 0.9987146529562982,
                "recall": 0.8445652173913043,
                "f1-score": 0.9151943462897526,
                "support": 920.0
            },
            "1": {
                "precision": 0.2185792349726776,
                "recall": 0.975609756097561,
                "f1-score": 0.35714285714285715,
                "support": 41.0
            },
            "accuracy": 0.850156087408949,
            "macro avg": {
                "precision": 0.6086469439644879,
                "recall": 0.9100874867444326,
                "f1-score": 0.6361686017163048,
                "support": 961.0
            },
            "weighted avg": {
                "precision": 0.9654310399101709,
                "recall": 0.850156087408949,
                "f1-score": 0.8913856979494583,
                "support": 961.0
            }
        }
    },
    "validation": {
        "accuracy": 0.8208232445520581,
        "auroc": 0.8270944741532975,
        "aucpr": 0.39187171089046885,
        "recall_died": 0.7058823529411765,
        "f2": 0.40268456375838924,
        "report": {
            "0": {
                "precision": 0.9849397590361446,
                "recall": 0.8257575757575758,
                "f1-score": 0.8983516483516484,
                "support": 396.0
            },
            "1": {
                "precision": 0.14814814814814814,
                "recall": 0.7058823529411765,
                "f1-score": 0.24489795918367346,
                "support": 17.0
            },
            "accuracy": 0.8208232445520581,
            "macro avg": {
                "precision": 0.5665439535921464,
                "recall": 0.7658199643493762,
                "f1-score": 0.5716248037676609,
                "support": 413.0
            },
            "weighted avg": {
                "precision": 0.950495552292571,
                "recall": 0.8208232445520581,
                "f1-score": 0.8714540388701578,
                "support": 413.0
            }
        }
    },
    "testing": {
        "accuracy": 0.8411764705882353,
        "auroc": 0.871045524691358,
        "aucpr": 0.41215421220287873,
        "recall_died": 0.75,
        "f2": 0.47619047619047616,
        "report": {
            "0": {
                "precision": 0.9856115107913669,
                "recall": 0.845679012345679,
                "f1-score": 0.9102990033222591,
                "support": 324.0
            },
            "1": {
                "precision": 0.1935483870967742,
                "recall": 0.75,
                "f1-score": 0.3076923076923077,
                "support": 16.0
            },
            "accuracy": 0.8411764705882353,
            "macro avg": {
                "precision": 0.5895799489440705,
                "recall": 0.7978395061728395,
                "f1-score": 0.6089956555072834,
                "support": 340.0
            },
            "weighted avg": {
                "precision": 0.9483379520292685,
                "recall": 0.8411764705882353,
                "f1-score": 0.8819410411749673,
                "support": 340.0
            }
        }
    }
}