{
    "training": {
        "accuracy": 0.9625390218522373,
        "auroc": 0.9044936373276777,
        "aucpr": 0.43133160241475005,
        "recall_died": 0.21951219512195122,
        "report": {
            "0": {
                "precision": 0.9662447257383966,
                "recall": 0.9956521739130435,
                "f1-score": 0.9807280513918629,
                "support": 920.0
            },
            "1": {
                "precision": 0.6923076923076923,
                "recall": 0.21951219512195122,
                "f1-score": 0.3333333333333333,
                "support": 41.0
            },
            "accuracy": 0.9625390218522373,
            "macro avg": {
                "precision": 0.8292762090230444,
                "recall": 0.6075821845174973,
                "f1-score": 0.6570306923625981,
                "support": 961.0
            },
            "weighted avg": {
                "precision": 0.9545575057897402,
                "recall": 0.9625390218522373,
                "f1-score": 0.9531076732020609,
                "support": 961.0
            }
        }
    },
    "validation": {
        "accuracy": 0.9612590799031477,
        "auroc": 0.8526440879382056,
        "aucpr": 0.3849416191869731,
        "recall_died": 0.23529411764705882,
        "report": {
            "0": {
                "precision": 0.9679802955665024,
                "recall": 0.9924242424242424,
                "f1-score": 0.9800498753117207,
                "support": 396.0
            },
            "1": {
                "precision": 0.5714285714285714,
                "recall": 0.23529411764705882,
                "f1-score": 0.3333333333333333,
                "support": 17.0
            },
            "accuracy": 0.9612590799031477,
            "macro avg": {
                "precision": 0.7697044334975369,
                "recall": 0.6138591800356507,
                "f1-score": 0.656691604322527,
                "support": 413.0
            },
            "weighted avg": {
                "precision": 0.9516573432412123,
                "recall": 0.9612590799031477,
                "f1-score": 0.9534295818162424,
                "support": 413.0
            }
        }
    },
    "testing": {
        "accuracy": 0.9588235294117647,
        "auroc": 0.9070216049382716,
        "aucpr": 0.4876143950612035,
        "recall_died": 0.1875,
        "report": {
            "0": {
                "precision": 0.9613095238095238,
                "recall": 0.9969135802469136,
                "f1-score": 0.9787878787878788,
                "support": 324.0
            },
            "1": {
                "precision": 0.75,
                "recall": 0.1875,
                "f1-score": 0.3,
                "support": 16.0
            },
            "accuracy": 0.9588235294117647,
            "macro avg": {
                "precision": 0.8556547619047619,
                "recall": 0.5922067901234568,
                "f1-score": 0.6393939393939394,
                "support": 340.0
            },
            "weighted avg": {
                "precision": 0.9513655462184875,
                "recall": 0.9588235294117647,
                "f1-score": 0.9468449197860963,
                "support": 340.0
            }
        }
    }
}