{
    "training": {
        "accuracy": 0.8345473465140478,
        "auroc": 0.9133483563096501,
        "aucpr": 0.369083851636989,
        "recall_died": 0.8048780487804879,
        "f2": 0.47413793103448276,
        "report": {
            "0": {
                "precision": 0.9897039897039897,
                "recall": 0.8358695652173913,
                "f1-score": 0.9063052445492045,
                "support": 920.0
            },
            "1": {
                "precision": 0.1793478260869565,
                "recall": 0.8048780487804879,
                "f1-score": 0.29333333333333333,
                "support": 41.0
            },
            "accuracy": 0.8345473465140478,
            "macro avg": {
                "precision": 0.5845259078954731,
                "recall": 0.8203738069989396,
                "f1-score": 0.5998192889412689,
                "support": 961.0
            },
            "weighted avg": {
                "precision": 0.9551310420366657,
                "recall": 0.8345473465140478,
                "f1-score": 0.8801534772652807,
                "support": 961.0
            }
        }
    },
    "validation": {
        "accuracy": 0.8208232445520581,
        "auroc": 0.8621509209744503,
        "aucpr": 0.344116834552317,
        "recall_died": 0.7058823529411765,
        "f2": 0.40268456375838924,
        "report": {
            "0": {
                "precision": 0.9849397590361446,
                "recall": 0.8257575757575758,
                "f1-score": 0.8983516483516484,
                "support": 396.0
            },
            "1": {
                "precision": 0.14814814814814814,
                "recall": 0.7058823529411765,
                "f1-score": 0.24489795918367346,
                "support": 17.0
            },
            "accuracy": 0.8208232445520581,
            "macro avg": {
                "precision": 0.5665439535921464,
                "recall": 0.7658199643493762,
                "f1-score": 0.5716248037676609,
                "support": 413.0
            },
            "weighted avg": {
                "precision": 0.950495552292571,
                "recall": 0.8208232445520581,
                "f1-score": 0.8714540388701578,
                "support": 413.0
            }
        }
    },
    "testing": {
        "accuracy": 0.8558823529411764,
        "auroc": 0.9170524691358025,
        "aucpr": 0.441825911056942,
        "recall_died": 0.75,
        "f2": 0.49586776859504134,
        "report": {
            "0": {
                "precision": 0.9858657243816255,
                "recall": 0.8611111111111112,
                "f1-score": 0.9192751235584844,
                "support": 324.0
            },
            "1": {
                "precision": 0.21052631578947367,
                "recall": 0.75,
                "f1-score": 0.3287671232876712,
                "support": 16.0
            },
            "accuracy": 0.8558823529411764,
            "macro avg": {
                "precision": 0.5981960200855496,
                "recall": 0.8055555555555556,
                "f1-score": 0.6240211234230778,
                "support": 340.0
            },
            "weighted avg": {
                "precision": 0.9493791639772889,
                "recall": 0.8558823529411764,
                "f1-score": 0.8914865117810344,
                "support": 340.0
            }
        }
    }
}