{
    "training": {
        "accuracy": 0.8355879292403746,
        "auroc": 0.9134809119830328,
        "aucpr": 0.3689210830884075,
        "recall_died": 0.8048780487804879,
        "report": {
            "0": {
                "precision": 0.9897172236503856,
                "recall": 0.8369565217391305,
                "f1-score": 0.9069493521790342,
                "support": 920.0
            },
            "1": {
                "precision": 0.18032786885245902,
                "recall": 0.8048780487804879,
                "f1-score": 0.29464285714285715,
                "support": 41.0
            },
            "accuracy": 0.8355879292403746,
            "macro avg": {
                "precision": 0.5850225462514224,
                "recall": 0.8209172852598092,
                "f1-score": 0.6007961046609457,
                "support": 961.0
            },
            "weighted avg": {
                "precision": 0.9551855238098914,
                "recall": 0.8355879292403746,
                "f1-score": 0.8808259741389891,
                "support": 961.0
            }
        }
    },
    "validation": {
        "accuracy": 0.8280871670702179,
        "auroc": 0.8631907308377897,
        "aucpr": 0.34503276908097996,
        "recall_died": 0.7058823529411765,
        "report": {
            "0": {
                "precision": 0.9850746268656716,
                "recall": 0.8333333333333334,
                "f1-score": 0.9028727770177839,
                "support": 396.0
            },
            "1": {
                "precision": 0.15384615384615385,
                "recall": 0.7058823529411765,
                "f1-score": 0.25263157894736843,
                "support": 17.0
            },
            "accuracy": 0.8280871670702179,
            "macro avg": {
                "precision": 0.5694603903559128,
                "recall": 0.7696078431372549,
                "f1-score": 0.5777521779825762,
                "support": 413.0
            },
            "weighted avg": {
                "precision": 0.9508594112692266,
                "recall": 0.8280871670702179,
                "f1-score": 0.8761074008260233,
                "support": 413.0
            }
        }
    },
    "testing": {
        "accuracy": 0.8588235294117647,
        "auroc": 0.9151234567901234,
        "aucpr": 0.4439364768695846,
        "recall_died": 0.75,
        "report": {
            "0": {
                "precision": 0.9859154929577465,
                "recall": 0.8641975308641975,
                "f1-score": 0.9210526315789473,
                "support": 324.0
            },
            "1": {
                "precision": 0.21428571428571427,
                "recall": 0.75,
                "f1-score": 0.3333333333333333,
                "support": 16.0
            },
            "accuracy": 0.8588235294117647,
            "macro avg": {
                "precision": 0.6001006036217303,
                "recall": 0.8070987654320987,
                "f1-score": 0.6271929824561403,
                "support": 340.0
            },
            "weighted avg": {
                "precision": 0.9496035033731803,
                "recall": 0.8588235294117647,
                "f1-score": 0.8933952528379773,
                "support": 340.0
            }
        }
    }
}