{
    "training": {
        "accuracy": 0.8522372528616025,
        "auroc": 0.9332051961823966,
        "aucpr": 0.3976096694961923,
        "recall_died": 0.8536585365853658,
        "f2": 0.5223880597014925,
        "report": {
            "0": {
                "precision": 0.9924050632911392,
                "recall": 0.8521739130434782,
                "f1-score": 0.9169590643274854,
                "support": 920.0
            },
            "1": {
                "precision": 0.2046783625730994,
                "recall": 0.8536585365853658,
                "f1-score": 0.330188679245283,
                "support": 41.0
            },
            "accuracy": 0.8522372528616025,
            "macro avg": {
                "precision": 0.5985417129321193,
                "recall": 0.852916224814422,
                "f1-score": 0.6235738717863842,
                "support": 961.0
            },
            "weighted avg": {
                "precision": 0.9587975765799637,
                "recall": 0.8522372528616025,
                "f1-score": 0.8919251561189835,
                "support": 961.0
            }
        }
    },
    "validation": {
        "accuracy": 0.8184019370460048,
        "auroc": 0.821524064171123,
        "aucpr": 0.32188065218648043,
        "recall_died": 0.7058823529411765,
        "f2": 0.4,
        "report": {
            "0": {
                "precision": 0.9848942598187311,
                "recall": 0.8232323232323232,
                "f1-score": 0.8968363136176066,
                "support": 396.0
            },
            "1": {
                "precision": 0.14634146341463414,
                "recall": 0.7058823529411765,
                "f1-score": 0.24242424242424243,
                "support": 17.0
            },
            "accuracy": 0.8184019370460048,
            "macro avg": {
                "precision": 0.5656178616166826,
                "recall": 0.7645573380867499,
                "f1-score": 0.5696302780209246,
                "support": 413.0
            },
            "weighted avg": {
                "precision": 0.9503775587560928,
                "recall": 0.8184019370460048,
                "f1-score": 0.8698992549970566,
                "support": 413.0
            }
        }
    },
    "testing": {
        "accuracy": 0.8441176470588235,
        "auroc": 0.8690200617283951,
        "aucpr": 0.48029733558055127,
        "recall_died": 0.75,
        "f2": 0.48,
        "report": {
            "0": {
                "precision": 0.985663082437276,
                "recall": 0.8487654320987654,
                "f1-score": 0.912106135986733,
                "support": 324.0
            },
            "1": {
                "precision": 0.19672131147540983,
                "recall": 0.75,
                "f1-score": 0.3116883116883117,
                "support": 16.0
            },
            "accuracy": 0.8441176470588235,
            "macro avg": {
                "precision": 0.591192196956343,
                "recall": 0.7993827160493827,
                "f1-score": 0.6118972238375223,
                "support": 340.0
            },
            "weighted avg": {
                "precision": 0.9485364108626,
                "recall": 0.8441176470588235,
                "f1-score": 0.8838511795491601,
                "support": 340.0
            }
        }
    }
}