{
    "training": {
        "accuracy": 0.8245264207377866,
        "auroc": 0.9464552453177065,
        "aucpr": 0.3963446955036013,
        "recall_died": 0.9444444444444444,
        "report": {
            "0": {
                "precision": 0.9974842767295597,
                "recall": 0.8200620475698035,
                "f1-score": 0.9001135073779796,
                "support": 967.0
            },
            "1": {
                "precision": 0.16346153846153846,
                "recall": 0.9444444444444444,
                "f1-score": 0.2786885245901639,
                "support": 36.0
            },
            "accuracy": 0.8245264207377866,
            "macro avg": {
                "precision": 0.5804729075955491,
                "recall": 0.882253246007124,
                "f1-score": 0.5894010159840717,
                "support": 1003.0
            },
            "weighted avg": {
                "precision": 0.9675492631925221,
                "recall": 0.8245264207377866,
                "f1-score": 0.8778091211562833,
                "support": 1003.0
            }
        }
    },
    "validation": {
        "accuracy": 0.7953488372093023,
        "auroc": 0.8680555555555556,
        "aucpr": 0.31736134673510086,
        "recall_died": 0.75,
        "report": {
            "0": {
                "precision": 0.9880239520958084,
                "recall": 0.7971014492753623,
                "f1-score": 0.8823529411764706,
                "support": 414.0
            },
            "1": {
                "precision": 0.125,
                "recall": 0.75,
                "f1-score": 0.21428571428571427,
                "support": 16.0
            },
            "accuracy": 0.7953488372093023,
            "macro avg": {
                "precision": 0.5565119760479043,
                "recall": 0.7735507246376812,
                "f1-score": 0.5483193277310924,
                "support": 430.0
            },
            "weighted avg": {
                "precision": 0.9559114329480574,
                "recall": 0.7953488372093023,
                "f1-score": 0.8574946257572797,
                "support": 430.0
            }
        }
    },
    "testing": {
        "accuracy": 0.8044077134986226,
        "auroc": 0.9144494474007369,
        "aucpr": 0.34023857981459854,
        "recall_died": 0.9285714285714286,
        "report": {
            "0": {
                "precision": 0.9964285714285714,
                "recall": 0.7994269340974212,
                "f1-score": 0.8871224165341812,
                "support": 349.0
            },
            "1": {
                "precision": 0.1566265060240964,
                "recall": 0.9285714285714286,
                "f1-score": 0.26804123711340205,
                "support": 14.0
            },
            "accuracy": 0.8044077134986226,
            "macro avg": {
                "precision": 0.5765275387263339,
                "recall": 0.8639991813344249,
                "f1-score": 0.5775818268237917,
                "support": 363.0
            },
            "weighted avg": {
                "precision": 0.9640395110548451,
                "recall": 0.8044077134986226,
                "f1-score": 0.8632460074105147,
                "support": 363.0
            }
        }
    }
}