{
    "training": {
        "accuracy": 0.9700897308075773,
        "auroc": 0.89928760197633,
        "aucpr": 0.4132964259512004,
        "recall_died": 0.16666666666666666,
        "f2": 0.2,
        "report": {
            "0": {
                "precision": 0.9699097291875627,
                "recall": 1.0,
                "f1-score": 0.984725050916497,
                "support": 967.0
            },
            "1": {
                "precision": 1.0,
                "recall": 0.16666666666666666,
                "f1-score": 0.2857142857142857,
                "support": 36.0
            },
            "accuracy": 0.9700897308075773,
            "macro avg": {
                "precision": 0.9849548645937813,
                "recall": 0.5833333333333334,
                "f1-score": 0.6352196683153913,
                "support": 1003.0
            },
            "weighted avg": {
                "precision": 0.9709897389076502,
                "recall": 0.9700897308075773,
                "f1-score": 0.9596359307297776,
                "support": 1003.0
            }
        }
    },
    "validation": {
        "accuracy": 0.958139534883721,
        "auroc": 0.7996678743961354,
        "aucpr": 0.28580966944882547,
        "recall_died": 0.125,
        "f2": 0.14285714285714285,
        "report": {
            "0": {
                "precision": 0.9669811320754716,
                "recall": 0.9903381642512077,
                "f1-score": 0.9785202863961814,
                "support": 414.0
            },
            "1": {
                "precision": 0.3333333333333333,
                "recall": 0.125,
                "f1-score": 0.18181818181818182,
                "support": 16.0
            },
            "accuracy": 0.958139534883721,
            "macro avg": {
                "precision": 0.6501572327044025,
                "recall": 0.5576690821256038,
                "f1-score": 0.5801692341071816,
                "support": 430.0
            },
            "weighted avg": {
                "precision": 0.9434035395641363,
                "recall": 0.958139534883721,
                "f1-score": 0.9488755569235118,
                "support": 430.0
            }
        }
    },
    "testing": {
        "accuracy": 0.9669421487603306,
        "auroc": 0.9183381088825214,
        "aucpr": 0.46406456558643217,
        "recall_died": 0.14285714285714285,
        "f2": 0.1724137931034483,
        "report": {
            "0": {
                "precision": 0.9667590027700831,
                "recall": 1.0,
                "f1-score": 0.9830985915492958,
                "support": 349.0
            },
            "1": {
                "precision": 1.0,
                "recall": 0.14285714285714285,
                "f1-score": 0.25,
                "support": 14.0
            },
            "accuracy": 0.9669421487603306,
            "macro avg": {
                "precision": 0.9833795013850415,
                "recall": 0.5714285714285714,
                "f1-score": 0.6165492957746479,
                "support": 363.0
            },
            "weighted avg": {
                "precision": 0.9680410247018154,
                "recall": 0.9669421487603306,
                "f1-score": 0.9548248166686067,
                "support": 363.0
            }
        }
    }
}