{
    "training": {
        "accuracy": 0.9680957128614157,
        "auroc": 0.897506606917155,
        "aucpr": 0.41764812449076544,
        "recall_died": 0.16666666666666666,
        "report": {
            "0": {
                "precision": 0.9698492462311558,
                "recall": 0.9979317476732161,
                "f1-score": 0.9836901121304791,
                "support": 967.0
            },
            "1": {
                "precision": 0.75,
                "recall": 0.16666666666666666,
                "f1-score": 0.2727272727272727,
                "support": 36.0
            },
            "accuracy": 0.9680957128614157,
            "macro avg": {
                "precision": 0.8599246231155779,
                "recall": 0.5822992071699414,
                "f1-score": 0.6282086924288759,
                "support": 1003.0
            },
            "weighted avg": {
                "precision": 0.9619583460673257,
                "recall": 0.9680957128614157,
                "f1-score": 0.9581720042356482,
                "support": 1003.0
            }
        }
    },
    "validation": {
        "accuracy": 0.9604651162790697,
        "auroc": 0.8067632850241546,
        "aucpr": 0.3159372840434925,
        "recall_died": 0.1875,
        "report": {
            "0": {
                "precision": 0.9692671394799054,
                "recall": 0.9903381642512077,
                "f1-score": 0.9796893667861409,
                "support": 414.0
            },
            "1": {
                "precision": 0.42857142857142855,
                "recall": 0.1875,
                "f1-score": 0.2608695652173913,
                "support": 16.0
            },
            "accuracy": 0.9604651162790697,
            "macro avg": {
                "precision": 0.6989192840256669,
                "recall": 0.5889190821256038,
                "f1-score": 0.6202794660017661,
                "support": 430.0
            },
            "weighted avg": {
                "precision": 0.9491482293065666,
                "recall": 0.9604651162790697,
                "f1-score": 0.9529425834719548,
                "support": 430.0
            }
        }
    },
    "testing": {
        "accuracy": 0.9669421487603306,
        "auroc": 0.9201801064265247,
        "aucpr": 0.5023953865619706,
        "recall_died": 0.14285714285714285,
        "report": {
            "0": {
                "precision": 0.9667590027700831,
                "recall": 1.0,
                "f1-score": 0.9830985915492958,
                "support": 349.0
            },
            "1": {
                "precision": 1.0,
                "recall": 0.14285714285714285,
                "f1-score": 0.25,
                "support": 14.0
            },
            "accuracy": 0.9669421487603306,
            "macro avg": {
                "precision": 0.9833795013850415,
                "recall": 0.5714285714285714,
                "f1-score": 0.6165492957746479,
                "support": 363.0
            },
            "weighted avg": {
                "precision": 0.9680410247018154,
                "recall": 0.9669421487603306,
                "f1-score": 0.9548248166686067,
                "support": 363.0
            }
        }
    }
}