{
    "training": {
        "accuracy": 0.8115653040877367,
        "auroc": 0.9026197862805929,
        "aucpr": 0.41073752995942264,
        "recall_died": 0.8333333333333334,
        "report": {
            "0": {
                "precision": 0.9924050632911392,
                "recall": 0.8107549120992761,
                "f1-score": 0.8924302788844621,
                "support": 967.0
            },
            "1": {
                "precision": 0.14084507042253522,
                "recall": 0.8333333333333334,
                "f1-score": 0.24096385542168675,
                "support": 36.0
            },
            "accuracy": 0.8115653040877367,
            "macro avg": {
                "precision": 0.5666250668568372,
                "recall": 0.8220441227163047,
                "f1-score": 0.5666970671530744,
                "support": 1003.0
            },
            "weighted avg": {
                "precision": 0.9618405969469023,
                "recall": 0.8115653040877367,
                "f1-score": 0.8690476355697464,
                "support": 1003.0
            }
        }
    },
    "validation": {
        "accuracy": 0.7976744186046512,
        "auroc": 0.8061594202898552,
        "aucpr": 0.269736102589977,
        "recall_died": 0.8125,
        "report": {
            "0": {
                "precision": 0.990990990990991,
                "recall": 0.7971014492753623,
                "f1-score": 0.8835341365461847,
                "support": 414.0
            },
            "1": {
                "precision": 0.13402061855670103,
                "recall": 0.8125,
                "f1-score": 0.23008849557522124,
                "support": 16.0
            },
            "accuracy": 0.7976744186046512,
            "macro avg": {
                "precision": 0.562505804773846,
                "recall": 0.8048007246376812,
                "f1-score": 0.556811316060703,
                "support": 430.0
            },
            "weighted avg": {
                "precision": 0.9591037213190173,
                "recall": 0.7976744186046512,
                "f1-score": 0.8592198801379628,
                "support": 430.0
            }
        }
    },
    "testing": {
        "accuracy": 0.7851239669421488,
        "auroc": 0.8984854686860417,
        "aucpr": 0.4317118395136646,
        "recall_died": 0.7857142857142857,
        "report": {
            "0": {
                "precision": 0.9891696750902527,
                "recall": 0.7851002865329513,
                "f1-score": 0.8753993610223643,
                "support": 349.0
            },
            "1": {
                "precision": 0.12790697674418605,
                "recall": 0.7857142857142857,
                "f1-score": 0.22,
                "support": 14.0
            },
            "accuracy": 0.7851239669421488,
            "macro avg": {
                "precision": 0.5585383259172194,
                "recall": 0.7854072861236185,
                "f1-score": 0.5476996805111821,
                "support": 363.0
            },
            "weighted avg": {
                "precision": 0.955952931903352,
                "recall": 0.7851239669421488,
                "f1-score": 0.8501222506799039,
                "support": 363.0
            }
        }
    }
}