{
    "training": {
        "accuracy": 0.8125623130608175,
        "auroc": 0.9025910605538321,
        "aucpr": 0.41087026327044324,
        "recall_died": 0.8611111111111112,
        "f2": 0.4329608938547486,
        "report": {
            "0": {
                "precision": 0.9936628643852978,
                "recall": 0.8107549120992761,
                "f1-score": 0.8929384965831435,
                "support": 967.0
            },
            "1": {
                "precision": 0.14485981308411214,
                "recall": 0.8611111111111112,
                "f1-score": 0.248,
                "support": 36.0
            },
            "accuracy": 0.8125623130608175,
            "macro avg": {
                "precision": 0.569261338734705,
                "recall": 0.8359330116051936,
                "f1-score": 0.5704692482915718,
                "support": 1003.0
            },
            "weighted avg": {
                "precision": 0.9631973510783758,
                "recall": 0.8125623130608175,
                "f1-score": 0.8697901557287135,
                "support": 1003.0
            }
        }
    },
    "validation": {
        "accuracy": 0.7953488372093023,
        "auroc": 0.8054045893719807,
        "aucpr": 0.27003091687016195,
        "recall_died": 0.8125,
        "f2": 0.4012345679012346,
        "report": {
            "0": {
                "precision": 0.9909638554216867,
                "recall": 0.7946859903381642,
                "f1-score": 0.8820375335120644,
                "support": 414.0
            },
            "1": {
                "precision": 0.1326530612244898,
                "recall": 0.8125,
                "f1-score": 0.22807017543859648,
                "support": 16.0
            },
            "accuracy": 0.7953488372093023,
            "macro avg": {
                "precision": 0.5618084583230882,
                "recall": 0.8035929951690821,
                "f1-score": 0.5550538544753304,
                "support": 430.0
            },
            "weighted avg": {
                "precision": 0.9590267095910933,
                "recall": 0.7953488372093023,
                "f1-score": 0.8577038643744469,
                "support": 430.0
            }
        }
    },
    "testing": {
        "accuracy": 0.7823691460055097,
        "auroc": 0.8984854686860417,
        "aucpr": 0.4317343526210548,
        "recall_died": 0.7857142857142857,
        "f2": 0.38461538461538464,
        "report": {
            "0": {
                "precision": 0.9891304347826086,
                "recall": 0.7822349570200573,
                "f1-score": 0.8736,
                "support": 349.0
            },
            "1": {
                "precision": 0.12643678160919541,
                "recall": 0.7857142857142857,
                "f1-score": 0.21782178217821782,
                "support": 14.0
            },
            "accuracy": 0.7823691460055097,
            "macro avg": {
                "precision": 0.557783608195902,
                "recall": 0.7839746213671714,
                "f1-score": 0.545710891089109,
                "support": 363.0
            },
            "weighted avg": {
                "precision": 0.9558585032552593,
                "recall": 0.7823691460055097,
                "f1-score": 0.8483082781005375,
                "support": 363.0
            }
        }
    }
}