{
    "training": {
        "accuracy": 0.8554336989032901,
        "auroc": 0.9256434562794439,
        "aucpr": 0.33547123000944923,
        "recall_died": 0.8611111111111112,
        "report": {
            "0": {
                "precision": 0.9939903846153846,
                "recall": 0.8552223371251293,
                "f1-score": 0.9193996664813785,
                "support": 967.0
            },
            "1": {
                "precision": 0.18128654970760233,
                "recall": 0.8611111111111112,
                "f1-score": 0.2995169082125604,
                "support": 36.0
            },
            "accuracy": 0.8554336989032901,
            "macro avg": {
                "precision": 0.5876384671614935,
                "recall": 0.8581667241181202,
                "f1-score": 0.6094582873469694,
                "support": 1003.0
            },
            "weighted avg": {
                "precision": 0.9648205560444173,
                "recall": 0.8554336989032901,
                "f1-score": 0.8971506342803043,
                "support": 1003.0
            }
        }
    },
    "validation": {
        "accuracy": 0.8255813953488372,
        "auroc": 0.8381642512077294,
        "aucpr": 0.453769494068599,
        "recall_died": 0.6875,
        "report": {
            "0": {
                "precision": 0.9856733524355301,
                "recall": 0.8309178743961353,
                "f1-score": 0.9017038007863696,
                "support": 414.0
            },
            "1": {
                "precision": 0.13580246913580246,
                "recall": 0.6875,
                "f1-score": 0.2268041237113402,
                "support": 16.0
            },
            "accuracy": 0.8255813953488372,
            "macro avg": {
                "precision": 0.5607379107856663,
                "recall": 0.7592089371980677,
                "f1-score": 0.5642539622488549,
                "support": 430.0
            },
            "weighted avg": {
                "precision": 0.9540502498011216,
                "recall": 0.8255813953488372,
                "f1-score": 0.8765912546626475,
                "support": 430.0
            }
        }
    },
    "testing": {
        "accuracy": 0.8181818181818182,
        "auroc": 0.9152681129758493,
        "aucpr": 0.5435385743361746,
        "recall_died": 0.7857142857142857,
        "report": {
            "0": {
                "precision": 0.9896193771626297,
                "recall": 0.8194842406876791,
                "f1-score": 0.896551724137931,
                "support": 349.0
            },
            "1": {
                "precision": 0.14864864864864866,
                "recall": 0.7857142857142857,
                "f1-score": 0.25,
                "support": 14.0
            },
            "accuracy": 0.8181818181818182,
            "macro avg": {
                "precision": 0.5691340129056391,
                "recall": 0.8025992632009824,
                "f1-score": 0.5732758620689655,
                "support": 363.0
            },
            "weighted avg": {
                "precision": 0.9571852443824762,
                "recall": 0.8181818181818182,
                "f1-score": 0.871615844970077,
                "support": 363.0
            }
        }
    }
}