{
    "training": {
        "accuracy": 0.8384845463609173,
        "auroc": 0.959065839365736,
        "aucpr": 0.5142416240376878,
        "recall_died": 0.8888888888888888,
        "report": {
            "0": {
                "precision": 0.995079950799508,
                "recall": 0.8366080661840745,
                "f1-score": 0.9089887640449438,
                "support": 967.0
            },
            "1": {
                "precision": 0.16842105263157894,
                "recall": 0.8888888888888888,
                "f1-score": 0.2831858407079646,
                "support": 36.0
            },
            "accuracy": 0.8384845463609173,
            "macro avg": {
                "precision": 0.5817505017155434,
                "recall": 0.8627484775364817,
                "f1-score": 0.5960873023764541,
                "support": 1003.0
            },
            "weighted avg": {
                "precision": 0.9654092425900908,
                "recall": 0.8384845463609173,
                "f1-score": 0.8865272433668469,
                "support": 1003.0
            }
        }
    },
    "validation": {
        "accuracy": 0.8093023255813954,
        "auroc": 0.8329559178743962,
        "aucpr": 0.3434657542768769,
        "recall_died": 0.6875,
        "report": {
            "0": {
                "precision": 0.9853801169590644,
                "recall": 0.8140096618357487,
                "f1-score": 0.8915343915343915,
                "support": 414.0
            },
            "1": {
                "precision": 0.125,
                "recall": 0.6875,
                "f1-score": 0.21153846153846154,
                "support": 16.0
            },
            "accuracy": 0.8093023255813954,
            "macro avg": {
                "precision": 0.5551900584795322,
                "recall": 0.7507548309178744,
                "f1-score": 0.5515364265364265,
                "support": 430.0
            },
            "weighted avg": {
                "precision": 0.9533659730722155,
                "recall": 0.8093023255813954,
                "f1-score": 0.866232217395008,
                "support": 430.0
            }
        }
    },
    "testing": {
        "accuracy": 0.8209366391184573,
        "auroc": 0.9242734343020875,
        "aucpr": 0.5629555456706054,
        "recall_died": 0.8571428571428571,
        "report": {
            "0": {
                "precision": 0.9930555555555556,
                "recall": 0.8194842406876791,
                "f1-score": 0.8979591836734694,
                "support": 349.0
            },
            "1": {
                "precision": 0.16,
                "recall": 0.8571428571428571,
                "f1-score": 0.2696629213483146,
                "support": 14.0
            },
            "accuracy": 0.8209366391184573,
            "macro avg": {
                "precision": 0.5765277777777778,
                "recall": 0.8383135489152681,
                "f1-score": 0.5838110525108919,
                "support": 363.0
            },
            "weighted avg": {
                "precision": 0.960926691153964,
                "recall": 0.8209366391184573,
                "f1-score": 0.8737273719033534,
                "support": 363.0
            }
        }
    }
}