{
    "training": {
        "accuracy": 0.9690927218344965,
        "auroc": 0.8922785246466735,
        "aucpr": 0.4016667871951787,
        "recall_died": 0.16666666666666666,
        "f2": 0.1986754966887417,
        "report": {
            "0": {
                "precision": 0.9698795180722891,
                "recall": 0.9989658738366081,
                "f1-score": 0.9842078451349975,
                "support": 967.0
            },
            "1": {
                "precision": 0.8571428571428571,
                "recall": 0.16666666666666666,
                "f1-score": 0.27906976744186046,
                "support": 36.0
            },
            "accuracy": 0.9690927218344965,
            "macro avg": {
                "precision": 0.9135111876075731,
                "recall": 0.5828162702516374,
                "f1-score": 0.631638806288429,
                "support": 1003.0
            },
            "weighted avg": {
                "precision": 0.9658331374207841,
                "recall": 0.9690927218344965,
                "f1-score": 0.9588988014690425,
                "support": 1003.0
            }
        }
    },
    "validation": {
        "accuracy": 0.9604651162790697,
        "auroc": 0.8069897342995168,
        "aucpr": 0.3206528972651529,
        "recall_died": 0.1875,
        "f2": 0.2112676056338028,
        "report": {
            "0": {
                "precision": 0.9692671394799054,
                "recall": 0.9903381642512077,
                "f1-score": 0.9796893667861409,
                "support": 414.0
            },
            "1": {
                "precision": 0.42857142857142855,
                "recall": 0.1875,
                "f1-score": 0.2608695652173913,
                "support": 16.0
            },
            "accuracy": 0.9604651162790697,
            "macro avg": {
                "precision": 0.6989192840256669,
                "recall": 0.5889190821256038,
                "f1-score": 0.6202794660017661,
                "support": 430.0
            },
            "weighted avg": {
                "precision": 0.9491482293065666,
                "recall": 0.9604651162790697,
                "f1-score": 0.9529425834719548,
                "support": 430.0
            }
        }
    },
    "testing": {
        "accuracy": 0.9669421487603306,
        "auroc": 0.9423864101514531,
        "aucpr": 0.5383659011633917,
        "recall_died": 0.14285714285714285,
        "f2": 0.1724137931034483,
        "report": {
            "0": {
                "precision": 0.9667590027700831,
                "recall": 1.0,
                "f1-score": 0.9830985915492958,
                "support": 349.0
            },
            "1": {
                "precision": 1.0,
                "recall": 0.14285714285714285,
                "f1-score": 0.25,
                "support": 14.0
            },
            "accuracy": 0.9669421487603306,
            "macro avg": {
                "precision": 0.9833795013850415,
                "recall": 0.5714285714285714,
                "f1-score": 0.6165492957746479,
                "support": 363.0
            },
            "weighted avg": {
                "precision": 0.9680410247018154,
                "recall": 0.9669421487603306,
                "f1-score": 0.9548248166686067,
                "support": 363.0
            }
        }
    }
}