{
    "training": {
        "accuracy": 0.9680957128614157,
        "auroc": 0.8871653452832357,
        "aucpr": 0.40014306306068265,
        "recall_died": 0.16666666666666666,
        "report": {
            "0": {
                "precision": 0.9698492462311558,
                "recall": 0.9979317476732161,
                "f1-score": 0.9836901121304791,
                "support": 967.0
            },
            "1": {
                "precision": 0.75,
                "recall": 0.16666666666666666,
                "f1-score": 0.2727272727272727,
                "support": 36.0
            },
            "accuracy": 0.9680957128614157,
            "macro avg": {
                "precision": 0.8599246231155779,
                "recall": 0.5822992071699414,
                "f1-score": 0.6282086924288759,
                "support": 1003.0
            },
            "weighted avg": {
                "precision": 0.9619583460673257,
                "recall": 0.9680957128614157,
                "f1-score": 0.9581720042356482,
                "support": 1003.0
            }
        }
    },
    "validation": {
        "accuracy": 0.9604651162790697,
        "auroc": 0.8127264492753623,
        "aucpr": 0.34988851559734946,
        "recall_died": 0.1875,
        "report": {
            "0": {
                "precision": 0.9692671394799054,
                "recall": 0.9903381642512077,
                "f1-score": 0.9796893667861409,
                "support": 414.0
            },
            "1": {
                "precision": 0.42857142857142855,
                "recall": 0.1875,
                "f1-score": 0.2608695652173913,
                "support": 16.0
            },
            "accuracy": 0.9604651162790697,
            "macro avg": {
                "precision": 0.6989192840256669,
                "recall": 0.5889190821256038,
                "f1-score": 0.6202794660017661,
                "support": 430.0
            },
            "weighted avg": {
                "precision": 0.9491482293065666,
                "recall": 0.9604651162790697,
                "f1-score": 0.9529425834719548,
                "support": 430.0
            }
        }
    },
    "testing": {
        "accuracy": 0.9641873278236914,
        "auroc": 0.9358370855505526,
        "aucpr": 0.5504822201607915,
        "recall_died": 0.14285714285714285,
        "report": {
            "0": {
                "precision": 0.9666666666666667,
                "recall": 0.997134670487106,
                "f1-score": 0.9816643159379408,
                "support": 349.0
            },
            "1": {
                "precision": 0.6666666666666666,
                "recall": 0.14285714285714285,
                "f1-score": 0.23529411764705882,
                "support": 14.0
            },
            "accuracy": 0.9641873278236914,
            "macro avg": {
                "precision": 0.8166666666666667,
                "recall": 0.5699959066721244,
                "f1-score": 0.6084792167924998,
                "support": 363.0
            },
            "weighted avg": {
                "precision": 0.9550964187327824,
                "recall": 0.9641873278236914,
                "f1-score": 0.9528786884556479,
                "support": 363.0
            }
        }
    }
}