{
    "training": {
        "accuracy": 0.8205383848454636,
        "auroc": 0.8929104906354131,
        "aucpr": 0.3892869869029382,
        "recall_died": 0.8055555555555556,
        "report": {
            "0": {
                "precision": 0.9912609238451935,
                "recall": 0.8210961737331954,
                "f1-score": 0.8981900452488688,
                "support": 967.0
            },
            "1": {
                "precision": 0.14356435643564355,
                "recall": 0.8055555555555556,
                "f1-score": 0.24369747899159663,
                "support": 36.0
            },
            "accuracy": 0.8205383848454636,
            "macro avg": {
                "precision": 0.5674126401404185,
                "recall": 0.8133258646443755,
                "f1-score": 0.5709437621202327,
                "support": 1003.0
            },
            "weighted avg": {
                "precision": 0.9608351248155387,
                "recall": 0.8205383848454636,
                "f1-score": 0.8746987866394353,
                "support": 1003.0
            }
        }
    },
    "validation": {
        "accuracy": 0.8069767441860465,
        "auroc": 0.8068387681159421,
        "aucpr": 0.28968471685813424,
        "recall_died": 0.8125,
        "report": {
            "0": {
                "precision": 0.9910979228486647,
                "recall": 0.8067632850241546,
                "f1-score": 0.8894806924101198,
                "support": 414.0
            },
            "1": {
                "precision": 0.13978494623655913,
                "recall": 0.8125,
                "f1-score": 0.23853211009174313,
                "support": 16.0
            },
            "accuracy": 0.8069767441860465,
            "macro avg": {
                "precision": 0.565441434542612,
                "recall": 0.8096316425120773,
                "f1-score": 0.5640064012509315,
                "support": 430.0
            },
            "weighted avg": {
                "precision": 0.9594211609282143,
                "recall": 0.8069767441860465,
                "f1-score": 0.8652593498122267,
                "support": 430.0
            }
        }
    },
    "testing": {
        "accuracy": 0.8154269972451791,
        "auroc": 0.9413630781825624,
        "aucpr": 0.49924421533139673,
        "recall_died": 0.9285714285714286,
        "report": {
            "0": {
                "precision": 0.9964788732394366,
                "recall": 0.8108882521489972,
                "f1-score": 0.8941548183254344,
                "support": 349.0
            },
            "1": {
                "precision": 0.16455696202531644,
                "recall": 0.9285714285714286,
                "f1-score": 0.27956989247311825,
                "support": 14.0
            },
            "accuracy": 0.8154269972451791,
            "macro avg": {
                "precision": 0.5805179176323765,
                "recall": 0.869729840360213,
                "f1-score": 0.5868623553992763,
                "support": 363.0
            },
            "weighted avg": {
                "precision": 0.9643937306581759,
                "recall": 0.8154269972451791,
                "f1-score": 0.8704518184303038,
                "support": 363.0
            }
        }
    }
}