{
    "training": {
        "accuracy": 0.8155533399800599,
        "auroc": 0.8931115707227393,
        "aucpr": 0.3893395642672642,
        "recall_died": 0.8333333333333334,
        "f2": 0.42492917847025496,
        "report": {
            "0": {
                "precision": 0.9924433249370277,
                "recall": 0.8148914167528438,
                "f1-score": 0.8949460533787621,
                "support": 967.0
            },
            "1": {
                "precision": 0.14354066985645933,
                "recall": 0.8333333333333334,
                "f1-score": 0.24489795918367346,
                "support": 36.0
            },
            "accuracy": 0.8155533399800599,
            "macro avg": {
                "precision": 0.5679919973967436,
                "recall": 0.8241123750430885,
                "f1-score": 0.5699220062812178,
                "support": 1003.0
            },
            "weighted avg": {
                "precision": 0.9619742366190811,
                "recall": 0.8155533399800599,
                "f1-score": 0.8716143171962863,
                "support": 1003.0
            }
        }
    },
    "validation": {
        "accuracy": 0.8023255813953488,
        "auroc": 0.8066878019323671,
        "aucpr": 0.28967405678649855,
        "recall_died": 0.8125,
        "f2": 0.4088050314465409,
        "report": {
            "0": {
                "precision": 0.991044776119403,
                "recall": 0.8019323671497585,
                "f1-score": 0.8865153538050734,
                "support": 414.0
            },
            "1": {
                "precision": 0.1368421052631579,
                "recall": 0.8125,
                "f1-score": 0.23423423423423423,
                "support": 16.0
            },
            "accuracy": 0.8023255813953488,
            "macro avg": {
                "precision": 0.5639434406912804,
                "recall": 0.8072161835748792,
                "f1-score": 0.5603747940196538,
                "support": 430.0
            },
            "weighted avg": {
                "precision": 0.9592604906921939,
                "recall": 0.8023255813953488,
                "f1-score": 0.8622444284256933,
                "support": 430.0
            }
        }
    },
    "testing": {
        "accuracy": 0.8016528925619835,
        "auroc": 0.9415677445763406,
        "aucpr": 0.49642705571981205,
        "recall_died": 0.9285714285714286,
        "f2": 0.4642857142857143,
        "report": {
            "0": {
                "precision": 0.996415770609319,
                "recall": 0.7965616045845272,
                "f1-score": 0.8853503184713376,
                "support": 349.0
            },
            "1": {
                "precision": 0.15476190476190477,
                "recall": 0.9285714285714286,
                "f1-score": 0.2653061224489796,
                "support": 14.0
            },
            "accuracy": 0.8016528925619835,
            "macro avg": {
                "precision": 0.5755888376856119,
                "recall": 0.8625665165779779,
                "f1-score": 0.5753282204601586,
                "support": 363.0
            },
            "weighted avg": {
                "precision": 0.9639552909347631,
                "recall": 0.8016528925619835,
                "f1-score": 0.8614367682115223,
                "support": 363.0
            }
        }
    }
}