{
    "training": {
        "accuracy": 0.8334995014955134,
        "auroc": 0.9134062966793061,
        "aucpr": 0.3307262976566277,
        "recall_died": 0.8611111111111112,
        "report": {
            "0": {
                "precision": 0.9938271604938271,
                "recall": 0.8324715615305067,
                "f1-score": 0.9060213843556556,
                "support": 967.0
            },
            "1": {
                "precision": 0.16062176165803108,
                "recall": 0.8611111111111112,
                "f1-score": 0.27074235807860264,
                "support": 36.0
            },
            "accuracy": 0.8334995014955134,
            "macro avg": {
                "precision": 0.5772244610759291,
                "recall": 0.8467913363208089,
                "f1-score": 0.5883818712171291,
                "support": 1003.0
            },
            "weighted avg": {
                "precision": 0.9639214831677169,
                "recall": 0.8334995014955134,
                "f1-score": 0.8832197443297594,
                "support": 1003.0
            }
        }
    },
    "validation": {
        "accuracy": 0.8,
        "auroc": 0.8483544685990339,
        "aucpr": 0.34319538454842435,
        "recall_died": 0.75,
        "report": {
            "0": {
                "precision": 0.9880952380952381,
                "recall": 0.8019323671497585,
                "f1-score": 0.8853333333333333,
                "support": 414.0
            },
            "1": {
                "precision": 0.1276595744680851,
                "recall": 0.75,
                "f1-score": 0.21818181818181817,
                "support": 16.0
            },
            "accuracy": 0.8,
            "macro avg": {
                "precision": 0.5578774062816616,
                "recall": 0.7759661835748792,
                "f1-score": 0.5517575757575758,
                "support": 430.0
            },
            "weighted avg": {
                "precision": 0.9560790273556232,
                "recall": 0.8,
                "f1-score": 0.8605090909090909,
                "support": 430.0
            }
        }
    },
    "testing": {
        "accuracy": 0.7796143250688705,
        "auroc": 0.9027834629553828,
        "aucpr": 0.47405154131407645,
        "recall_died": 0.9285714285714286,
        "report": {
            "0": {
                "precision": 0.996309963099631,
                "recall": 0.7736389684813754,
                "f1-score": 0.8709677419354839,
                "support": 349.0
            },
            "1": {
                "precision": 0.14130434782608695,
                "recall": 0.9285714285714286,
                "f1-score": 0.24528301886792453,
                "support": 14.0
            },
            "accuracy": 0.7796143250688705,
            "macro avg": {
                "precision": 0.568807155462859,
                "recall": 0.851105198526402,
                "f1-score": 0.5581253804017042,
                "support": 363.0
            },
            "weighted avg": {
                "precision": 0.9633345399210369,
                "recall": 0.7796143250688705,
                "f1-score": 0.8468366506876992,
                "support": 363.0
            }
        }
    }
}