{
    "training": {
        "accuracy": 0.8158168574401665,
        "auroc": 0.9395546129374337,
        "aucpr": 0.4715448281543071,
        "recall_died": 0.9024390243902439,
        "f2": 0.4946524064171123,
        "report": {
            "0": {
                "precision": 0.9946737683089214,
                "recall": 0.8119565217391305,
                "f1-score": 0.8940754039497307,
                "support": 920.0
            },
            "1": {
                "precision": 0.1761904761904762,
                "recall": 0.9024390243902439,
                "f1-score": 0.2948207171314741,
                "support": 41.0
            },
            "accuracy": 0.8158168574401665,
            "macro avg": {
                "precision": 0.5854321222496988,
                "recall": 0.8571977730646871,
                "f1-score": 0.5944480605406024,
                "support": 961.0
            },
            "weighted avg": {
                "precision": 0.959754085710736,
                "recall": 0.8158168574401665,
                "f1-score": 0.8685088668430204,
                "support": 961.0
            }
        }
    },
    "validation": {
        "accuracy": 0.7820823244552058,
        "auroc": 0.7942661913250149,
        "aucpr": 0.2691733660801615,
        "recall_died": 0.7058823529411765,
        "f2": 0.36363636363636365,
        "report": {
            "0": {
                "precision": 0.9841772151898734,
                "recall": 0.7853535353535354,
                "f1-score": 0.8735955056179775,
                "support": 396.0
            },
            "1": {
                "precision": 0.12371134020618557,
                "recall": 0.7058823529411765,
                "f1-score": 0.21052631578947367,
                "support": 17.0
            },
            "accuracy": 0.7820823244552058,
            "macro avg": {
                "precision": 0.5539442776980295,
                "recall": 0.7456179441473559,
                "f1-score": 0.5420609107037255,
                "support": 413.0
            },
            "weighted avg": {
                "precision": 0.9487585229992616,
                "recall": 0.7820823244552058,
                "f1-score": 0.8463021007097824,
                "support": 413.0
            }
        }
    },
    "testing": {
        "accuracy": 0.8,
        "auroc": 0.8639081790123456,
        "aucpr": 0.4065720188915683,
        "recall_died": 0.8125,
        "f2": 0.45774647887323944,
        "report": {
            "0": {
                "precision": 0.9885496183206107,
                "recall": 0.7993827160493827,
                "f1-score": 0.8839590443686007,
                "support": 324.0
            },
            "1": {
                "precision": 0.16666666666666666,
                "recall": 0.8125,
                "f1-score": 0.2765957446808511,
                "support": 16.0
            },
            "accuracy": 0.8,
            "macro avg": {
                "precision": 0.5776081424936387,
                "recall": 0.8059413580246914,
                "f1-score": 0.5802773945247259,
                "support": 340.0
            },
            "weighted avg": {
                "precision": 0.9498727735368957,
                "recall": 0.8,
                "f1-score": 0.8553772420303537,
                "support": 340.0
            }
        }
    }
}