{
    "training": {
        "accuracy": 0.959417273673257,
        "auroc": 0.8928287380699894,
        "aucpr": 0.3951803823643185,
        "recall_died": 0.14634146341463414,
        "report": {
            "0": {
                "precision": 0.9631966351209253,
                "recall": 0.9956521739130435,
                "f1-score": 0.9791555318011759,
                "support": 920.0
            },
            "1": {
                "precision": 0.6,
                "recall": 0.14634146341463414,
                "f1-score": 0.23529411764705882,
                "support": 41.0
            },
            "accuracy": 0.959417273673257,
            "macro avg": {
                "precision": 0.7815983175604626,
                "recall": 0.5709968186638388,
                "f1-score": 0.6072248247241173,
                "support": 961.0
            },
            "weighted avg": {
                "precision": 0.9477012531854853,
                "recall": 0.959417273673257,
                "f1-score": 0.9474195089288359,
                "support": 961.0
            }
        }
    },
    "validation": {
        "accuracy": 0.9612590799031477,
        "auroc": 0.8239007724301841,
        "aucpr": 0.3290961242028204,
        "recall_died": 0.17647058823529413,
        "report": {
            "0": {
                "precision": 0.9656862745098039,
                "recall": 0.9949494949494949,
                "f1-score": 0.9800995024875622,
                "support": 396.0
            },
            "1": {
                "precision": 0.6,
                "recall": 0.17647058823529413,
                "f1-score": 0.2727272727272727,
                "support": 17.0
            },
            "accuracy": 0.9612590799031477,
            "macro avg": {
                "precision": 0.782843137254902,
                "recall": 0.5857100415923945,
                "f1-score": 0.6264133876074174,
                "support": 413.0
            },
            "weighted avg": {
                "precision": 0.9506338128471727,
                "recall": 0.9612590799031477,
                "f1-score": 0.9509824857661943,
                "support": 413.0
            }
        }
    },
    "testing": {
        "accuracy": 0.9588235294117647,
        "auroc": 0.8900462962962963,
        "aucpr": 0.45699762365821134,
        "recall_died": 0.1875,
        "report": {
            "0": {
                "precision": 0.9613095238095238,
                "recall": 0.9969135802469136,
                "f1-score": 0.9787878787878788,
                "support": 324.0
            },
            "1": {
                "precision": 0.75,
                "recall": 0.1875,
                "f1-score": 0.3,
                "support": 16.0
            },
            "accuracy": 0.9588235294117647,
            "macro avg": {
                "precision": 0.8556547619047619,
                "recall": 0.5922067901234568,
                "f1-score": 0.6393939393939394,
                "support": 340.0
            },
            "weighted avg": {
                "precision": 0.9513655462184875,
                "recall": 0.9588235294117647,
                "f1-score": 0.9468449197860963,
                "support": 340.0
            }
        }
    }
}