{
    "training": {
        "accuracy": 0.9604578563995838,
        "auroc": 0.8958775185577942,
        "aucpr": 0.380781968473376,
        "recall_died": 0.14634146341463414,
        "f2": 0.17341040462427745,
        "report": {
            "0": {
                "precision": 0.9632352941176471,
                "recall": 0.9967391304347826,
                "f1-score": 0.9797008547008547,
                "support": 920.0
            },
            "1": {
                "precision": 0.6666666666666666,
                "recall": 0.14634146341463414,
                "f1-score": 0.24,
                "support": 41.0
            },
            "accuracy": 0.9604578563995838,
            "macro avg": {
                "precision": 0.8149509803921569,
                "recall": 0.5715402969247083,
                "f1-score": 0.6098504273504273,
                "support": 961.0
            },
            "weighted avg": {
                "precision": 0.9505825222909144,
                "recall": 0.9604578563995838,
                "f1-score": 0.9481423374867703,
                "support": 961.0
            }
        }
    },
    "validation": {
        "accuracy": 0.9612590799031477,
        "auroc": 0.8206327985739752,
        "aucpr": 0.336524698930979,
        "recall_died": 0.17647058823529413,
        "f2": 0.2054794520547945,
        "report": {
            "0": {
                "precision": 0.9656862745098039,
                "recall": 0.9949494949494949,
                "f1-score": 0.9800995024875622,
                "support": 396.0
            },
            "1": {
                "precision": 0.6,
                "recall": 0.17647058823529413,
                "f1-score": 0.2727272727272727,
                "support": 17.0
            },
            "accuracy": 0.9612590799031477,
            "macro avg": {
                "precision": 0.782843137254902,
                "recall": 0.5857100415923945,
                "f1-score": 0.6264133876074174,
                "support": 413.0
            },
            "weighted avg": {
                "precision": 0.9506338128471727,
                "recall": 0.9612590799031477,
                "f1-score": 0.9509824857661943,
                "support": 413.0
            }
        }
    },
    "testing": {
        "accuracy": 0.9588235294117647,
        "auroc": 0.8983410493827161,
        "aucpr": 0.42656472553924046,
        "recall_died": 0.125,
        "f2": 0.15151515151515152,
        "report": {
            "0": {
                "precision": 0.9585798816568047,
                "recall": 1.0,
                "f1-score": 0.9788519637462235,
                "support": 324.0
            },
            "1": {
                "precision": 1.0,
                "recall": 0.125,
                "f1-score": 0.2222222222222222,
                "support": 16.0
            },
            "accuracy": 0.9588235294117647,
            "macro avg": {
                "precision": 0.9792899408284024,
                "recall": 0.5625,
                "f1-score": 0.6005370929842229,
                "support": 340.0
            },
            "weighted avg": {
                "precision": 0.9605290636964845,
                "recall": 0.9588235294117647,
                "f1-score": 0.943245858262741,
                "support": 340.0
            }
        }
    }
}