{
    "training": {
        "accuracy": 0.8251821019771072,
        "auroc": 0.9014183457051961,
        "aucpr": 0.35393062617248844,
        "recall_died": 0.8292682926829268,
        "report": {
            "0": {
                "precision": 0.9908616187989556,
                "recall": 0.825,
                "f1-score": 0.900355871886121,
                "support": 920.0
            },
            "1": {
                "precision": 0.17435897435897435,
                "recall": 0.8292682926829268,
                "f1-score": 0.288135593220339,
                "support": 41.0
            },
            "accuracy": 0.8251821019771072,
            "macro avg": {
                "precision": 0.582610296578965,
                "recall": 0.8271341463414634,
                "f1-score": 0.59424573255323,
                "support": 961.0
            },
            "weighted avg": {
                "precision": 0.9560264383389772,
                "recall": 0.8251821019771072,
                "f1-score": 0.8742361721719721,
                "support": 961.0
            }
        }
    },
    "validation": {
        "accuracy": 0.8135593220338984,
        "auroc": 0.833407605466429,
        "aucpr": 0.3123514264107828,
        "recall_died": 0.7058823529411765,
        "report": {
            "0": {
                "precision": 0.9848024316109423,
                "recall": 0.8181818181818182,
                "f1-score": 0.8937931034482759,
                "support": 396.0
            },
            "1": {
                "precision": 0.14285714285714285,
                "recall": 0.7058823529411765,
                "f1-score": 0.2376237623762376,
                "support": 17.0
            },
            "accuracy": 0.8135593220338984,
            "macro avg": {
                "precision": 0.5638297872340425,
                "recall": 0.7620320855614974,
                "f1-score": 0.5657084329122568,
                "support": 413.0
            },
            "weighted avg": {
                "precision": 0.9501460880060645,
                "recall": 0.8135593220338984,
                "f1-score": 0.8667837116850201,
                "support": 413.0
            }
        }
    },
    "testing": {
        "accuracy": 0.8264705882352941,
        "auroc": 0.8948688271604939,
        "aucpr": 0.37708848471578776,
        "recall_died": 0.75,
        "report": {
            "0": {
                "precision": 0.9853479853479854,
                "recall": 0.8302469135802469,
                "f1-score": 0.9011725293132329,
                "support": 324.0
            },
            "1": {
                "precision": 0.1791044776119403,
                "recall": 0.75,
                "f1-score": 0.2891566265060241,
                "support": 16.0
            },
            "accuracy": 0.8264705882352941,
            "macro avg": {
                "precision": 0.5822262314799629,
                "recall": 0.7901234567901234,
                "f1-score": 0.5951645779096285,
                "support": 340.0
            },
            "weighted avg": {
                "precision": 0.9474071143957009,
                "recall": 0.8264705882352941,
                "f1-score": 0.8723717809458348,
                "support": 340.0
            }
        }
    }
}