{
    "training": {
        "accuracy": 0.8491155046826223,
        "auroc": 0.925888123011665,
        "aucpr": 0.39878841649370106,
        "recall_died": 0.8536585365853658,
        "f2": 0.5177514792899408,
        "report": {
            "0": {
                "precision": 0.9923761118170267,
                "recall": 0.8489130434782609,
                "f1-score": 0.9150556531927357,
                "support": 920.0
            },
            "1": {
                "precision": 0.20114942528735633,
                "recall": 0.8536585365853658,
                "f1-score": 0.32558139534883723,
                "support": 41.0
            },
            "accuracy": 0.8491155046826223,
            "macro avg": {
                "precision": 0.5967627685521915,
                "recall": 0.8512857900318134,
                "f1-score": 0.6203185242707865,
                "support": 961.0
            },
            "weighted avg": {
                "precision": 0.9586193020899544,
                "recall": 0.8491155046826223,
                "f1-score": 0.8899063872493437,
                "support": 961.0
            }
        }
    },
    "validation": {
        "accuracy": 0.8087167070217918,
        "auroc": 0.8065210932857991,
        "aucpr": 0.2900870772256343,
        "recall_died": 0.6470588235294118,
        "f2": 0.3618421052631579,
        "report": {
            "0": {
                "precision": 0.9817629179331308,
                "recall": 0.8156565656565656,
                "f1-score": 0.8910344827586207,
                "support": 396.0
            },
            "1": {
                "precision": 0.13095238095238096,
                "recall": 0.6470588235294118,
                "f1-score": 0.21782178217821782,
                "support": 17.0
            },
            "accuracy": 0.8087167070217918,
            "macro avg": {
                "precision": 0.5563576494427559,
                "recall": 0.7313576945929887,
                "f1-score": 0.5544281324684193,
                "support": 413.0
            },
            "weighted avg": {
                "precision": 0.9467416609629788,
                "recall": 0.8087167070217918,
                "f1-score": 0.8633235483521635,
                "support": 413.0
            }
        }
    },
    "testing": {
        "accuracy": 0.8205882352941176,
        "auroc": 0.8719135802469136,
        "aucpr": 0.42121705312968255,
        "recall_died": 0.6875,
        "f2": 0.4198473282442748,
        "report": {
            "0": {
                "precision": 0.9816849816849816,
                "recall": 0.8271604938271605,
                "f1-score": 0.897822445561139,
                "support": 324.0
            },
            "1": {
                "precision": 0.16417910447761194,
                "recall": 0.6875,
                "f1-score": 0.26506024096385544,
                "support": 16.0
            },
            "accuracy": 0.8205882352941176,
            "macro avg": {
                "precision": 0.5729320430812967,
                "recall": 0.7573302469135803,
                "f1-score": 0.5814413432624972,
                "support": 340.0
            },
            "weighted avg": {
                "precision": 0.943214116875223,
                "recall": 0.8205882352941176,
                "f1-score": 0.8680454006389139,
                "support": 340.0
            }
        }
    }
}