{
    "training": {
        "accuracy": 0.8145563310069791,
        "auroc": 0.9384982190049409,
        "aucpr": 0.4144460938167318,
        "recall_died": 0.8888888888888888,
        "f2": 0.44692737430167595,
        "report": {
            "0": {
                "precision": 0.9949302915082383,
                "recall": 0.811789038262668,
                "f1-score": 0.8940774487471527,
                "support": 967.0
            },
            "1": {
                "precision": 0.14953271028037382,
                "recall": 0.8888888888888888,
                "f1-score": 0.256,
                "support": 36.0
            },
            "accuracy": 0.8145563310069791,
            "macro avg": {
                "precision": 0.5722315008943061,
                "recall": 0.8503389635757784,
                "f1-score": 0.5750387243735764,
                "support": 1003.0
            },
            "weighted avg": {
                "precision": 0.9645870084332602,
                "recall": 0.8145563310069791,
                "f1-score": 0.8711753668379827,
                "support": 1003.0
            }
        }
    },
    "validation": {
        "accuracy": 0.7976744186046512,
        "auroc": 0.885643115942029,
        "aucpr": 0.3804532245773973,
        "recall_died": 0.75,
        "f2": 0.37735849056603776,
        "report": {
            "0": {
                "precision": 0.9880597014925373,
                "recall": 0.7995169082125604,
                "f1-score": 0.8838451268357811,
                "support": 414.0
            },
            "1": {
                "precision": 0.12631578947368421,
                "recall": 0.75,
                "f1-score": 0.21621621621621623,
                "support": 16.0
            },
            "accuracy": 0.7976744186046512,
            "macro avg": {
                "precision": 0.5571877454831108,
                "recall": 0.7747584541062802,
                "f1-score": 0.5500306715259986,
                "support": 430.0
            },
            "weighted avg": {
                "precision": 0.9559948117429985,
                "recall": 0.7976744186046512,
                "f1-score": 0.8590031208592391,
                "support": 430.0
            }
        }
    },
    "testing": {
        "accuracy": 0.768595041322314,
        "auroc": 0.9194637740483012,
        "aucpr": 0.3839044924450701,
        "recall_died": 0.8571428571428571,
        "f2": 0.4,
        "report": {
            "0": {
                "precision": 0.9925650557620818,
                "recall": 0.7650429799426934,
                "f1-score": 0.8640776699029126,
                "support": 349.0
            },
            "1": {
                "precision": 0.1276595744680851,
                "recall": 0.8571428571428571,
                "f1-score": 0.2222222222222222,
                "support": 14.0
            },
            "accuracy": 0.768595041322314,
            "macro avg": {
                "precision": 0.5601123151150834,
                "recall": 0.8110929185427753,
                "f1-score": 0.5431499460625674,
                "support": 363.0
            },
            "weighted avg": {
                "precision": 0.9592078195689249,
                "recall": 0.768595041322314,
                "f1-score": 0.8393229143449795,
                "support": 363.0
            }
        }
    }
}