{
    "training": {
        "accuracy": 0.9680957128614157,
        "auroc": 0.9025048833735494,
        "aucpr": 0.4090775977385153,
        "recall_died": 0.16666666666666666,
        "f2": 0.19736842105263158,
        "report": {
            "0": {
                "precision": 0.9698492462311558,
                "recall": 0.9979317476732161,
                "f1-score": 0.9836901121304791,
                "support": 967.0
            },
            "1": {
                "precision": 0.75,
                "recall": 0.16666666666666666,
                "f1-score": 0.2727272727272727,
                "support": 36.0
            },
            "accuracy": 0.9680957128614157,
            "macro avg": {
                "precision": 0.8599246231155779,
                "recall": 0.5822992071699414,
                "f1-score": 0.6282086924288759,
                "support": 1003.0
            },
            "weighted avg": {
                "precision": 0.9619583460673257,
                "recall": 0.9680957128614157,
                "f1-score": 0.9581720042356482,
                "support": 1003.0
            }
        }
    },
    "validation": {
        "accuracy": 0.958139534883721,
        "auroc": 0.8106884057971014,
        "aucpr": 0.27830862775415766,
        "recall_died": 0.125,
        "f2": 0.14285714285714285,
        "report": {
            "0": {
                "precision": 0.9669811320754716,
                "recall": 0.9903381642512077,
                "f1-score": 0.9785202863961814,
                "support": 414.0
            },
            "1": {
                "precision": 0.3333333333333333,
                "recall": 0.125,
                "f1-score": 0.18181818181818182,
                "support": 16.0
            },
            "accuracy": 0.958139534883721,
            "macro avg": {
                "precision": 0.6501572327044025,
                "recall": 0.5576690821256038,
                "f1-score": 0.5801692341071816,
                "support": 430.0
            },
            "weighted avg": {
                "precision": 0.9434035395641363,
                "recall": 0.958139534883721,
                "f1-score": 0.9488755569235118,
                "support": 430.0
            }
        }
    },
    "testing": {
        "accuracy": 0.9669421487603306,
        "auroc": 0.9101514531313959,
        "aucpr": 0.4367711175379242,
        "recall_died": 0.14285714285714285,
        "f2": 0.1724137931034483,
        "report": {
            "0": {
                "precision": 0.9667590027700831,
                "recall": 1.0,
                "f1-score": 0.9830985915492958,
                "support": 349.0
            },
            "1": {
                "precision": 1.0,
                "recall": 0.14285714285714285,
                "f1-score": 0.25,
                "support": 14.0
            },
            "accuracy": 0.9669421487603306,
            "macro avg": {
                "precision": 0.9833795013850415,
                "recall": 0.5714285714285714,
                "f1-score": 0.6165492957746479,
                "support": 363.0
            },
            "weighted avg": {
                "precision": 0.9680410247018154,
                "recall": 0.9669421487603306,
                "f1-score": 0.9548248166686067,
                "support": 363.0
            }
        }
    }
}