{
    "training": {
        "accuracy": 0.967098703888335,
        "auroc": 0.9002642766862001,
        "aucpr": 0.42321853092844075,
        "recall_died": 0.16666666666666666,
        "report": {
            "0": {
                "precision": 0.9698189134808853,
                "recall": 0.9968976215098242,
                "f1-score": 0.9831718510963794,
                "support": 967.0
            },
            "1": {
                "precision": 0.6666666666666666,
                "recall": 0.16666666666666666,
                "f1-score": 0.26666666666666666,
                "support": 36.0
            },
            "accuracy": 0.967098703888335,
            "macro avg": {
                "precision": 0.818242790073776,
                "recall": 0.5817821440882455,
                "f1-score": 0.624919258881523,
                "support": 1003.0
            },
            "weighted avg": {
                "precision": 0.9589380751106841,
                "recall": 0.967098703888335,
                "f1-score": 0.9574548155635083,
                "support": 1003.0
            }
        }
    },
    "validation": {
        "accuracy": 0.9604651162790697,
        "auroc": 0.813707729468599,
        "aucpr": 0.30674262474366665,
        "recall_died": 0.1875,
        "report": {
            "0": {
                "precision": 0.9692671394799054,
                "recall": 0.9903381642512077,
                "f1-score": 0.9796893667861409,
                "support": 414.0
            },
            "1": {
                "precision": 0.42857142857142855,
                "recall": 0.1875,
                "f1-score": 0.2608695652173913,
                "support": 16.0
            },
            "accuracy": 0.9604651162790697,
            "macro avg": {
                "precision": 0.6989192840256669,
                "recall": 0.5889190821256038,
                "f1-score": 0.6202794660017661,
                "support": 430.0
            },
            "weighted avg": {
                "precision": 0.9491482293065666,
                "recall": 0.9604651162790697,
                "f1-score": 0.9529425834719548,
                "support": 430.0
            }
        }
    },
    "testing": {
        "accuracy": 0.9641873278236914,
        "auroc": 0.9140401146131805,
        "aucpr": 0.485004452081084,
        "recall_died": 0.14285714285714285,
        "report": {
            "0": {
                "precision": 0.9666666666666667,
                "recall": 0.997134670487106,
                "f1-score": 0.9816643159379408,
                "support": 349.0
            },
            "1": {
                "precision": 0.6666666666666666,
                "recall": 0.14285714285714285,
                "f1-score": 0.23529411764705882,
                "support": 14.0
            },
            "accuracy": 0.9641873278236914,
            "macro avg": {
                "precision": 0.8166666666666667,
                "recall": 0.5699959066721244,
                "f1-score": 0.6084792167924998,
                "support": 363.0
            },
            "weighted avg": {
                "precision": 0.9550964187327824,
                "recall": 0.9641873278236914,
                "f1-score": 0.9528786884556479,
                "support": 363.0
            }
        }
    }
}