{
    "training": {
        "accuracy": 0.8145563310069791,
        "auroc": 0.9064690336665517,
        "aucpr": 0.4127935542330011,
        "recall_died": 0.8333333333333334,
        "report": {
            "0": {
                "precision": 0.9924337957124842,
                "recall": 0.8138572905894519,
                "f1-score": 0.8943181818181818,
                "support": 967.0
            },
            "1": {
                "precision": 0.14285714285714285,
                "recall": 0.8333333333333334,
                "f1-score": 0.24390243902439024,
                "support": 36.0
            },
            "accuracy": 0.8145563310069791,
            "macro avg": {
                "precision": 0.5676454692848135,
                "recall": 0.8235953119613926,
                "f1-score": 0.569110310421286,
                "support": 1003.0
            },
            "weighted avg": {
                "precision": 0.9619405160486834,
                "recall": 0.8145563310069791,
                "f1-score": 0.8709732498734395,
                "support": 1003.0
            }
        }
    },
    "validation": {
        "accuracy": 0.786046511627907,
        "auroc": 0.8079710144927537,
        "aucpr": 0.26906449024495566,
        "recall_died": 0.75,
        "report": {
            "0": {
                "precision": 0.9878787878787879,
                "recall": 0.7874396135265701,
                "f1-score": 0.8763440860215054,
                "support": 414.0
            },
            "1": {
                "precision": 0.12,
                "recall": 0.75,
                "f1-score": 0.20689655172413793,
                "support": 16.0
            },
            "accuracy": 0.786046511627907,
            "macro avg": {
                "precision": 0.553939393939394,
                "recall": 0.768719806763285,
                "f1-score": 0.5416203188728217,
                "support": 430.0
            },
            "weighted avg": {
                "precision": 0.955585623678647,
                "recall": 0.786046511627907,
                "f1-score": 0.8514344103267196,
                "support": 430.0
            }
        }
    },
    "testing": {
        "accuracy": 0.7961432506887053,
        "auroc": 0.8647155137126483,
        "aucpr": 0.38459896543789,
        "recall_died": 0.7857142857142857,
        "report": {
            "0": {
                "precision": 0.9893238434163701,
                "recall": 0.7965616045845272,
                "f1-score": 0.8825396825396825,
                "support": 349.0
            },
            "1": {
                "precision": 0.13414634146341464,
                "recall": 0.7857142857142857,
                "f1-score": 0.22916666666666666,
                "support": 14.0
            },
            "accuracy": 0.7961432506887053,
            "macro avg": {
                "precision": 0.5617350924398924,
                "recall": 0.7911379451494065,
                "f1-score": 0.5558531746031746,
                "support": 363.0
            },
            "weighted avg": {
                "precision": 0.9563417909994517,
                "recall": 0.7961432506887053,
                "f1-score": 0.857340723249814,
                "support": 363.0
            }
        }
    }
}