{
    "training": {
        "accuracy": 0.8085742771684945,
        "auroc": 0.9065264851200736,
        "aucpr": 0.40848723511869167,
        "recall_died": 0.8333333333333334,
        "f2": 0.4166666666666667,
        "report": {
            "0": {
                "precision": 0.9923761118170267,
                "recall": 0.8076525336091003,
                "f1-score": 0.8905359179019384,
                "support": 967.0
            },
            "1": {
                "precision": 0.1388888888888889,
                "recall": 0.8333333333333334,
                "f1-score": 0.23809523809523808,
                "support": 36.0
            },
            "accuracy": 0.8085742771684945,
            "macro avg": {
                "precision": 0.5656325003529578,
                "recall": 0.8204929334712168,
                "f1-score": 0.5643155779985882,
                "support": 1003.0
            },
            "weighted avg": {
                "precision": 0.961742472708938,
                "recall": 0.8085742771684945,
                "f1-score": 0.8671183062638116,
                "support": 1003.0
            }
        }
    },
    "validation": {
        "accuracy": 0.7883720930232558,
        "auroc": 0.8067632850241546,
        "aucpr": 0.25642531776779826,
        "recall_died": 0.75,
        "f2": 0.36809815950920244,
        "report": {
            "0": {
                "precision": 0.9879154078549849,
                "recall": 0.7898550724637681,
                "f1-score": 0.8778523489932886,
                "support": 414.0
            },
            "1": {
                "precision": 0.12121212121212122,
                "recall": 0.75,
                "f1-score": 0.20869565217391303,
                "support": 16.0
            },
            "accuracy": 0.7883720930232558,
            "macro avg": {
                "precision": 0.554563764533553,
                "recall": 0.769927536231884,
                "f1-score": 0.5432740005836008,
                "support": 430.0
            },
            "weighted avg": {
                "precision": 0.9556659832357155,
                "recall": 0.7883720930232558,
                "f1-score": 0.852953495158149,
                "support": 430.0
            }
        }
    },
    "testing": {
        "accuracy": 0.7878787878787878,
        "auroc": 0.8677855096193204,
        "aucpr": 0.38426368927240007,
        "recall_died": 0.7857142857142857,
        "f2": 0.3900709219858156,
        "report": {
            "0": {
                "precision": 0.9892086330935251,
                "recall": 0.7879656160458453,
                "f1-score": 0.8771929824561403,
                "support": 349.0
            },
            "1": {
                "precision": 0.12941176470588237,
                "recall": 0.7857142857142857,
                "f1-score": 0.2222222222222222,
                "support": 14.0
            },
            "accuracy": 0.7878787878787878,
            "macro avg": {
                "precision": 0.5593101988997038,
                "recall": 0.7868399508800654,
                "f1-score": 0.5497076023391813,
                "support": 363.0
            },
            "weighted avg": {
                "precision": 0.9560484232934507,
                "recall": 0.7878787878787878,
                "f1-score": 0.8519324021716366,
                "support": 363.0
            }
        }
    }
}