{
    "training": {
        "accuracy": 0.847457627118644,
        "auroc": 0.9336004825922096,
        "aucpr": 0.3680028945871275,
        "recall_died": 0.8888888888888888,
        "report": {
            "0": {
                "precision": 0.9951338199513382,
                "recall": 0.8459152016546019,
                "f1-score": 0.9144773616545556,
                "support": 967.0
            },
            "1": {
                "precision": 0.17679558011049723,
                "recall": 0.8888888888888888,
                "f1-score": 0.29493087557603687,
                "support": 36.0
            },
            "accuracy": 0.847457627118644,
            "macro avg": {
                "precision": 0.5859647000309177,
                "recall": 0.8674020452717454,
                "f1-score": 0.6047041186152963,
                "support": 1003.0
            },
            "weighted avg": {
                "precision": 0.9657617594984267,
                "recall": 0.847457627118644,
                "f1-score": 0.8922403990435619,
                "support": 1003.0
            }
        }
    },
    "validation": {
        "accuracy": 0.827906976744186,
        "auroc": 0.8922101449275361,
        "aucpr": 0.3301434711451866,
        "recall_died": 0.6875,
        "report": {
            "0": {
                "precision": 0.9857142857142858,
                "recall": 0.8333333333333334,
                "f1-score": 0.9031413612565445,
                "support": 414.0
            },
            "1": {
                "precision": 0.1375,
                "recall": 0.6875,
                "f1-score": 0.22916666666666666,
                "support": 16.0
            },
            "accuracy": 0.827906976744186,
            "macro avg": {
                "precision": 0.5616071428571429,
                "recall": 0.7604166666666667,
                "f1-score": 0.5661540139616056,
                "support": 430.0
            },
            "weighted avg": {
                "precision": 0.9541528239202658,
                "recall": 0.827906976744186,
                "f1-score": 0.8780632330857584,
                "support": 430.0
            }
        }
    },
    "testing": {
        "accuracy": 0.8512396694214877,
        "auroc": 0.9153704461727384,
        "aucpr": 0.4882305858056523,
        "recall_died": 0.9285714285714286,
        "report": {
            "0": {
                "precision": 0.9966329966329966,
                "recall": 0.8481375358166189,
                "f1-score": 0.9164086687306502,
                "support": 349.0
            },
            "1": {
                "precision": 0.19696969696969696,
                "recall": 0.9285714285714286,
                "f1-score": 0.325,
                "support": 14.0
            },
            "accuracy": 0.8512396694214877,
            "macro avg": {
                "precision": 0.5968013468013468,
                "recall": 0.8883544821940237,
                "f1-score": 0.6207043343653251,
                "support": 363.0
            },
            "weighted avg": {
                "precision": 0.9657919878305553,
                "recall": 0.8512396694214877,
                "f1-score": 0.8935995189724433,
                "support": 363.0
            }
        }
    }
}