{
    "training": {
        "accuracy": 0.81789802289282,
        "auroc": 0.9376855779427359,
        "aucpr": 0.3263211060111031,
        "recall_died": 0.9512195121951219,
        "report": {
            "0": {
                "precision": 0.9973297730307076,
                "recall": 0.8119565217391305,
                "f1-score": 0.8951467944877172,
                "support": 920.0
            },
            "1": {
                "precision": 0.18396226415094338,
                "recall": 0.9512195121951219,
                "f1-score": 0.308300395256917,
                "support": 41.0
            },
            "accuracy": 0.81789802289282,
            "macro avg": {
                "precision": 0.5906460185908254,
                "recall": 0.8815880169671262,
                "f1-score": 0.6017235948723171,
                "support": 961.0
            },
            "weighted avg": {
                "precision": 0.9626283496549841,
                "recall": 0.81789802289282,
                "f1-score": 0.8701096432198058,
                "support": 961.0
            }
        }
    },
    "validation": {
        "accuracy": 0.8062953995157385,
        "auroc": 0.8415032679738562,
        "aucpr": 0.2152790011410346,
        "recall_died": 0.7647058823529411,
        "report": {
            "0": {
                "precision": 0.9876543209876543,
                "recall": 0.8080808080808081,
                "f1-score": 0.8888888888888888,
                "support": 396.0
            },
            "1": {
                "precision": 0.14606741573033707,
                "recall": 0.7647058823529411,
                "f1-score": 0.24528301886792453,
                "support": 17.0
            },
            "accuracy": 0.8062953995157385,
            "macro avg": {
                "precision": 0.5668608683589956,
                "recall": 0.7863933452168745,
                "f1-score": 0.5670859538784067,
                "support": 413.0
            },
            "weighted avg": {
                "precision": 0.9530127292458276,
                "recall": 0.8062953995157385,
                "f1-score": 0.8623966375805199,
                "support": 413.0
            }
        }
    },
    "testing": {
        "accuracy": 0.8264705882352941,
        "auroc": 0.884741512345679,
        "aucpr": 0.4551590107196725,
        "recall_died": 0.75,
        "report": {
            "0": {
                "precision": 0.9853479853479854,
                "recall": 0.8302469135802469,
                "f1-score": 0.9011725293132329,
                "support": 324.0
            },
            "1": {
                "precision": 0.1791044776119403,
                "recall": 0.75,
                "f1-score": 0.2891566265060241,
                "support": 16.0
            },
            "accuracy": 0.8264705882352941,
            "macro avg": {
                "precision": 0.5822262314799629,
                "recall": 0.7901234567901234,
                "f1-score": 0.5951645779096285,
                "support": 340.0
            },
            "weighted avg": {
                "precision": 0.9474071143957009,
                "recall": 0.8264705882352941,
                "f1-score": 0.8723717809458348,
                "support": 340.0
            }
        }
    }
}