{
    "training": {
        "accuracy": 0.8345473465140478,
        "auroc": 0.9139050901378578,
        "aucpr": 0.36957180386673194,
        "recall_died": 0.8048780487804879,
        "report": {
            "0": {
                "precision": 0.9897039897039897,
                "recall": 0.8358695652173913,
                "f1-score": 0.9063052445492045,
                "support": 920.0
            },
            "1": {
                "precision": 0.1793478260869565,
                "recall": 0.8048780487804879,
                "f1-score": 0.29333333333333333,
                "support": 41.0
            },
            "accuracy": 0.8345473465140478,
            "macro avg": {
                "precision": 0.5845259078954731,
                "recall": 0.8203738069989396,
                "f1-score": 0.5998192889412689,
                "support": 961.0
            },
            "weighted avg": {
                "precision": 0.9551310420366657,
                "recall": 0.8345473465140478,
                "f1-score": 0.8801534772652807,
                "support": 961.0
            }
        }
    },
    "validation": {
        "accuracy": 0.8256658595641646,
        "auroc": 0.8617052881758764,
        "aucpr": 0.3651321719815392,
        "recall_died": 0.7058823529411765,
        "report": {
            "0": {
                "precision": 0.9850299401197605,
                "recall": 0.8308080808080808,
                "f1-score": 0.9013698630136986,
                "support": 396.0
            },
            "1": {
                "precision": 0.1518987341772152,
                "recall": 0.7058823529411765,
                "f1-score": 0.25,
                "support": 17.0
            },
            "accuracy": 0.8256658595641646,
            "macro avg": {
                "precision": 0.5684643371484879,
                "recall": 0.7683452168746286,
                "f1-score": 0.5756849315068493,
                "support": 413.0
            },
            "weighted avg": {
                "precision": 0.9507364037976704,
                "recall": 0.8256658595641646,
                "f1-score": 0.8745580284586553,
                "support": 413.0
            }
        }
    },
    "testing": {
        "accuracy": 0.8558823529411764,
        "auroc": 0.9155092592592593,
        "aucpr": 0.44580598751630907,
        "recall_died": 0.75,
        "report": {
            "0": {
                "precision": 0.9858657243816255,
                "recall": 0.8611111111111112,
                "f1-score": 0.9192751235584844,
                "support": 324.0
            },
            "1": {
                "precision": 0.21052631578947367,
                "recall": 0.75,
                "f1-score": 0.3287671232876712,
                "support": 16.0
            },
            "accuracy": 0.8558823529411764,
            "macro avg": {
                "precision": 0.5981960200855496,
                "recall": 0.8055555555555556,
                "f1-score": 0.6240211234230778,
                "support": 340.0
            },
            "weighted avg": {
                "precision": 0.9493791639772889,
                "recall": 0.8558823529411764,
                "f1-score": 0.8914865117810344,
                "support": 340.0
            }
        }
    }
}