{
    "training": {
        "accuracy": 0.81789802289282,
        "auroc": 0.9273329798515376,
        "aucpr": 0.3806343164533949,
        "recall_died": 0.926829268292683,
        "report": {
            "0": {
                "precision": 0.996005326231691,
                "recall": 0.8130434782608695,
                "f1-score": 0.8952722920406941,
                "support": 920.0
            },
            "1": {
                "precision": 0.18095238095238095,
                "recall": 0.926829268292683,
                "f1-score": 0.30278884462151395,
                "support": 41.0
            },
            "accuracy": 0.81789802289282,
            "macro avg": {
                "precision": 0.588478853592036,
                "recall": 0.8699363732767762,
                "f1-score": 0.599030568331104,
                "support": 961.0
            },
            "weighted avg": {
                "precision": 0.9612319955798163,
                "recall": 0.81789802289282,
                "f1-score": 0.8699946423589187,
                "support": 961.0
            }
        }
    },
    "validation": {
        "accuracy": 0.7990314769975787,
        "auroc": 0.8626708259061201,
        "aucpr": 0.33412787004018973,
        "recall_died": 0.7647058823529411,
        "report": {
            "0": {
                "precision": 0.9875389408099688,
                "recall": 0.8005050505050505,
                "f1-score": 0.8842398884239888,
                "support": 396.0
            },
            "1": {
                "precision": 0.14130434782608695,
                "recall": 0.7647058823529411,
                "f1-score": 0.23853211009174313,
                "support": 17.0
            },
            "accuracy": 0.7990314769975787,
            "macro avg": {
                "precision": 0.5644216443180279,
                "recall": 0.7826054664289959,
                "f1-score": 0.561385999257866,
                "support": 413.0
            },
            "weighted avg": {
                "precision": 0.9527060398881142,
                "recall": 0.7990314769975787,
                "f1-score": 0.8576611178873104,
                "support": 413.0
            }
        }
    },
    "testing": {
        "accuracy": 0.8294117647058824,
        "auroc": 0.8950617283950617,
        "aucpr": 0.45057644737331715,
        "recall_died": 0.8125,
        "report": {
            "0": {
                "precision": 0.9889705882352942,
                "recall": 0.8302469135802469,
                "f1-score": 0.9026845637583892,
                "support": 324.0
            },
            "1": {
                "precision": 0.19117647058823528,
                "recall": 0.8125,
                "f1-score": 0.30952380952380953,
                "support": 16.0
            },
            "accuracy": 0.8294117647058824,
            "macro avg": {
                "precision": 0.5900735294117647,
                "recall": 0.8213734567901234,
                "f1-score": 0.6061041866410994,
                "support": 340.0
            },
            "weighted avg": {
                "precision": 0.9514273356401385,
                "recall": 0.8294117647058824,
                "f1-score": 0.8747711165002914,
                "support": 340.0
            }
        }
    }
}