{
    "training": {
        "accuracy": 0.8033298647242456,
        "auroc": 0.9348886532343584,
        "aucpr": 0.3985578600105257,
        "recall_died": 0.926829268292683,
        "f2": 0.4896907216494845,
        "report": {
            "0": {
                "precision": 0.9959294436906377,
                "recall": 0.7978260869565217,
                "f1-score": 0.8859384429692215,
                "support": 920.0
            },
            "1": {
                "precision": 0.16964285714285715,
                "recall": 0.926829268292683,
                "f1-score": 0.28679245283018867,
                "support": 41.0
            },
            "accuracy": 0.8033298647242456,
            "macro avg": {
                "precision": 0.5827861504167474,
                "recall": 0.8623276776246023,
                "f1-score": 0.5863654478997051,
                "support": 961.0
            },
            "weighted avg": {
                "precision": 0.9606768421833963,
                "recall": 0.8033298647242456,
                "f1-score": 0.8603765432858704,
                "support": 961.0
            }
        }
    },
    "validation": {
        "accuracy": 0.7917675544794189,
        "auroc": 0.826797385620915,
        "aucpr": 0.33610569794611506,
        "recall_died": 0.7647058823529411,
        "f2": 0.3987730061349693,
        "report": {
            "0": {
                "precision": 0.9874213836477987,
                "recall": 0.7929292929292929,
                "f1-score": 0.8795518207282913,
                "support": 396.0
            },
            "1": {
                "precision": 0.1368421052631579,
                "recall": 0.7647058823529411,
                "f1-score": 0.23214285714285715,
                "support": 17.0
            },
            "accuracy": 0.7917675544794189,
            "macro avg": {
                "precision": 0.5621317444554783,
                "recall": 0.778817587641117,
                "f1-score": 0.5558473389355743,
                "support": 413.0
            },
            "weighted avg": {
                "precision": 0.952409645796615,
                "recall": 0.7917675544794189,
                "f1-score": 0.8529030256170264,
                "support": 413.0
            }
        }
    },
    "testing": {
        "accuracy": 0.8147058823529412,
        "auroc": 0.8443287037037037,
        "aucpr": 0.4563745361063302,
        "recall_died": 0.8125,
        "f2": 0.4744525547445255,
        "report": {
            "0": {
                "precision": 0.9887640449438202,
                "recall": 0.8148148148148148,
                "f1-score": 0.8934010152284264,
                "support": 324.0
            },
            "1": {
                "precision": 0.1780821917808219,
                "recall": 0.8125,
                "f1-score": 0.29213483146067415,
                "support": 16.0
            },
            "accuracy": 0.8147058823529412,
            "macro avg": {
                "precision": 0.5834231183623211,
                "recall": 0.8136574074074074,
                "f1-score": 0.5927679233445503,
                "support": 340.0
            },
            "weighted avg": {
                "precision": 0.950614310677326,
                "recall": 0.8147058823529412,
                "f1-score": 0.8651061359922969,
                "support": 340.0
            }
        }
    }
}