{
    "training": {
        "accuracy": 0.9583766909469302,
        "auroc": 0.8786585365853659,
        "aucpr": 0.3837647949824316,
        "recall_died": 0.07317073170731707,
        "f2": 0.08875739644970414,
        "report": {
            "0": {
                "precision": 0.9602510460251046,
                "recall": 0.9978260869565218,
                "f1-score": 0.9786780383795309,
                "support": 920.0
            },
            "1": {
                "precision": 0.6,
                "recall": 0.07317073170731707,
                "f1-score": 0.13043478260869565,
                "support": 41.0
            },
            "accuracy": 0.9583766909469302,
            "macro avg": {
                "precision": 0.7801255230125523,
                "recall": 0.5354984093319194,
                "f1-score": 0.5545564104941133,
                "support": 961.0
            },
            "weighted avg": {
                "precision": 0.9448813343840752,
                "recall": 0.9583766909469302,
                "f1-score": 0.9424886799127211,
                "support": 961.0
            }
        }
    },
    "validation": {
        "accuracy": 0.9539951573849879,
        "auroc": 0.8328877005347594,
        "aucpr": 0.2800068721755287,
        "recall_died": 0.058823529411764705,
        "f2": 0.06944444444444445,
        "report": {
            "0": {
                "precision": 0.960880195599022,
                "recall": 0.9924242424242424,
                "f1-score": 0.9763975155279503,
                "support": 396.0
            },
            "1": {
                "precision": 0.25,
                "recall": 0.058823529411764705,
                "f1-score": 0.09523809523809523,
                "support": 17.0
            },
            "accuracy": 0.9539951573849879,
            "macro avg": {
                "precision": 0.605440097799511,
                "recall": 0.5256238859180036,
                "f1-score": 0.5358178053830227,
                "support": 413.0
            },
            "weighted avg": {
                "precision": 0.931618783189377,
                "recall": 0.9539951573849879,
                "f1-score": 0.940127030915535,
                "support": 413.0
            }
        }
    },
    "testing": {
        "accuracy": 0.9558823529411765,
        "auroc": 0.8926504629629629,
        "aucpr": 0.40822423999193574,
        "recall_died": 0.0625,
        "f2": 0.07692307692307693,
        "report": {
            "0": {
                "precision": 0.9557522123893806,
                "recall": 1.0,
                "f1-score": 0.9773755656108597,
                "support": 324.0
            },
            "1": {
                "precision": 1.0,
                "recall": 0.0625,
                "f1-score": 0.11764705882352941,
                "support": 16.0
            },
            "accuracy": 0.9558823529411765,
            "macro avg": {
                "precision": 0.9778761061946903,
                "recall": 0.53125,
                "f1-score": 0.5475113122171945,
                "support": 340.0
            },
            "weighted avg": {
                "precision": 0.9578344612181157,
                "recall": 0.9558823529411765,
                "f1-score": 0.9369177535267501,
                "support": 340.0
            }
        }
    }
}