{
    "training": {
        "accuracy": 0.8022892819979188,
        "auroc": 0.8815482502651114,
        "aucpr": 0.35412475862528914,
        "recall_died": 0.8048780487804879,
        "f2": 0.43535620052770446,
        "report": {
            "0": {
                "precision": 0.9892761394101877,
                "recall": 0.8021739130434783,
                "f1-score": 0.885954381752701,
                "support": 920.0
            },
            "1": {
                "precision": 0.15348837209302327,
                "recall": 0.8048780487804879,
                "f1-score": 0.2578125,
                "support": 41.0
            },
            "accuracy": 0.8022892819979188,
            "macro avg": {
                "precision": 0.5713822557516055,
                "recall": 0.803525980911983,
                "f1-score": 0.5718834408763505,
                "support": 961.0
            },
            "weighted avg": {
                "precision": 0.9536181805548248,
                "recall": 0.8022892819979188,
                "f1-score": 0.8591554044874973,
                "support": 961.0
            }
        }
    },
    "validation": {
        "accuracy": 0.774818401937046,
        "auroc": 0.851010101010101,
        "aucpr": 0.26943262680135693,
        "recall_died": 0.7647058823529411,
        "f2": 0.38235294117647056,
        "report": {
            "0": {
                "precision": 0.9871382636655949,
                "recall": 0.7752525252525253,
                "f1-score": 0.8684582743988685,
                "support": 396.0
            },
            "1": {
                "precision": 0.12745098039215685,
                "recall": 0.7647058823529411,
                "f1-score": 0.2184873949579832,
                "support": 17.0
            },
            "accuracy": 0.774818401937046,
            "macro avg": {
                "precision": 0.5572946220288759,
                "recall": 0.7699792038027332,
                "f1-score": 0.5434728346784259,
                "support": 413.0
            },
            "weighted avg": {
                "precision": 0.95175162004417,
                "recall": 0.774818401937046,
                "f1-score": 0.841704025124062,
                "support": 413.0
            }
        }
    },
    "testing": {
        "accuracy": 0.8264705882352941,
        "auroc": 0.8914930555555556,
        "aucpr": 0.37830850235236446,
        "recall_died": 0.6875,
        "f2": 0.4263565891472868,
        "report": {
            "0": {
                "precision": 0.9818181818181818,
                "recall": 0.8333333333333334,
                "f1-score": 0.9015025041736227,
                "support": 324.0
            },
            "1": {
                "precision": 0.16923076923076924,
                "recall": 0.6875,
                "f1-score": 0.2716049382716049,
                "support": 16.0
            },
            "accuracy": 0.8264705882352941,
            "macro avg": {
                "precision": 0.5755244755244755,
                "recall": 0.7604166666666667,
                "f1-score": 0.5865537212226137,
                "support": 340.0
            },
            "weighted avg": {
                "precision": 0.9435787741670095,
                "recall": 0.8264705882352941,
                "f1-score": 0.8718602657782335,
                "support": 340.0
            }
        }
    }
}