{
    "training": {
        "accuracy": 0.8043704474505723,
        "auroc": 0.8821049840933193,
        "aucpr": 0.35631124994526303,
        "recall_died": 0.8048780487804879,
        "report": {
            "0": {
                "precision": 0.9893048128342246,
                "recall": 0.8043478260869565,
                "f1-score": 0.8872901678657075,
                "support": 920.0
            },
            "1": {
                "precision": 0.15492957746478872,
                "recall": 0.8048780487804879,
                "f1-score": 0.25984251968503935,
                "support": 41.0
            },
            "accuracy": 0.8043704474505723,
            "macro avg": {
                "precision": 0.5721171951495067,
                "recall": 0.8046129374337222,
                "f1-score": 0.5735663437753734,
                "support": 961.0
            },
            "weighted avg": {
                "precision": 0.9537071180890145,
                "recall": 0.8043704474505723,
                "f1-score": 0.8605208093064906,
                "support": 961.0
            }
        }
    },
    "validation": {
        "accuracy": 0.7772397094430993,
        "auroc": 0.8519013666072489,
        "aucpr": 0.27079879492624603,
        "recall_died": 0.7647058823529411,
        "report": {
            "0": {
                "precision": 0.9871794871794872,
                "recall": 0.7777777777777778,
                "f1-score": 0.8700564971751412,
                "support": 396.0
            },
            "1": {
                "precision": 0.12871287128712872,
                "recall": 0.7647058823529411,
                "f1-score": 0.22033898305084745,
                "support": 17.0
            },
            "accuracy": 0.7772397094430993,
            "macro avg": {
                "precision": 0.557946179233308,
                "recall": 0.7712418300653594,
                "f1-score": 0.5451977401129944,
                "support": 413.0
            },
            "weighted avg": {
                "precision": 0.9518430889466298,
                "recall": 0.7772397094430993,
                "f1-score": 0.843312676981163,
                "support": 413.0
            }
        }
    },
    "testing": {
        "accuracy": 0.8294117647058824,
        "auroc": 0.890721450617284,
        "aucpr": 0.3778342093261977,
        "recall_died": 0.6875,
        "report": {
            "0": {
                "precision": 0.9818840579710145,
                "recall": 0.8364197530864198,
                "f1-score": 0.9033333333333333,
                "support": 324.0
            },
            "1": {
                "precision": 0.171875,
                "recall": 0.6875,
                "f1-score": 0.275,
                "support": 16.0
            },
            "accuracy": 0.8294117647058824,
            "macro avg": {
                "precision": 0.5768795289855073,
                "recall": 0.7619598765432098,
                "f1-score": 0.5891666666666666,
                "support": 340.0
            },
            "weighted avg": {
                "precision": 0.9437659846547314,
                "recall": 0.8294117647058824,
                "f1-score": 0.8737647058823529,
                "support": 340.0
            }
        }
    }
}