{
    "training": {
        "accuracy": 0.8459937565036421,
        "auroc": 0.9160922587486744,
        "aucpr": 0.37179251987671985,
        "recall_died": 0.8292682926829268,
        "report": {
            "0": {
                "precision": 0.9910941475826972,
                "recall": 0.8467391304347827,
                "f1-score": 0.9132473622508792,
                "support": 920.0
            },
            "1": {
                "precision": 0.19428571428571428,
                "recall": 0.8292682926829268,
                "f1-score": 0.3148148148148148,
                "support": 41.0
            },
            "accuracy": 0.8459937565036421,
            "macro avg": {
                "precision": 0.5926899309342057,
                "recall": 0.8380037115588548,
                "f1-score": 0.614031088532847,
                "support": 961.0
            },
            "weighted avg": {
                "precision": 0.9570991988156043,
                "recall": 0.8459937565036421,
                "f1-score": 0.8877159008097985,
                "support": 961.0
            }
        }
    },
    "validation": {
        "accuracy": 0.8111380145278451,
        "auroc": 0.8288770053475936,
        "aucpr": 0.30575346377793156,
        "recall_died": 0.5882352941176471,
        "report": {
            "0": {
                "precision": 0.9789156626506024,
                "recall": 0.8207070707070707,
                "f1-score": 0.8928571428571429,
                "support": 396.0
            },
            "1": {
                "precision": 0.12345679012345678,
                "recall": 0.5882352941176471,
                "f1-score": 0.20408163265306123,
                "support": 17.0
            },
            "accuracy": 0.8111380145278451,
            "macro avg": {
                "precision": 0.5511862263870295,
                "recall": 0.7044711824123588,
                "f1-score": 0.5484693877551021,
                "support": 413.0
            },
            "weighted avg": {
                "precision": 0.9437030698347152,
                "recall": 0.8111380145278451,
                "f1-score": 0.8645056085388152,
                "support": 413.0
            }
        }
    },
    "testing": {
        "accuracy": 0.8205882352941176,
        "auroc": 0.8766396604938271,
        "aucpr": 0.40579037506221527,
        "recall_died": 0.6875,
        "report": {
            "0": {
                "precision": 0.9816849816849816,
                "recall": 0.8271604938271605,
                "f1-score": 0.897822445561139,
                "support": 324.0
            },
            "1": {
                "precision": 0.16417910447761194,
                "recall": 0.6875,
                "f1-score": 0.26506024096385544,
                "support": 16.0
            },
            "accuracy": 0.8205882352941176,
            "macro avg": {
                "precision": 0.5729320430812967,
                "recall": 0.7573302469135803,
                "f1-score": 0.5814413432624972,
                "support": 340.0
            },
            "weighted avg": {
                "precision": 0.943214116875223,
                "recall": 0.8205882352941176,
                "f1-score": 0.8680454006389139,
                "support": 340.0
            }
        }
    }
}