{
    "training": {
        "accuracy": 0.8376690946930281,
        "auroc": 0.9640906680805938,
        "aucpr": 0.48214505635046395,
        "recall_died": 1.0,
        "f2": 0.5678670360110804,
        "report": {
            "0": {
                "precision": 1.0,
                "recall": 0.8304347826086956,
                "f1-score": 0.9073634204275535,
                "support": 920.0
            },
            "1": {
                "precision": 0.20812182741116753,
                "recall": 1.0,
                "f1-score": 0.3445378151260504,
                "support": 41.0
            },
            "accuracy": 0.8376690946930281,
            "macro avg": {
                "precision": 0.6040609137055838,
                "recall": 0.9152173913043478,
                "f1-score": 0.6259506177768019,
                "support": 961.0
            },
            "weighted avg": {
                "precision": 0.9662153953422038,
                "recall": 0.8376690946930281,
                "f1-score": 0.8833510897122969,
                "support": 961.0
            }
        }
    },
    "validation": {
        "accuracy": 0.8208232445520581,
        "auroc": 0.8167706476530006,
        "aucpr": 0.3156716898241397,
        "recall_died": 0.6470588235294118,
        "f2": 0.3741496598639456,
        "report": {
            "0": {
                "precision": 0.9820359281437125,
                "recall": 0.8282828282828283,
                "f1-score": 0.8986301369863013,
                "support": 396.0
            },
            "1": {
                "precision": 0.13924050632911392,
                "recall": 0.6470588235294118,
                "f1-score": 0.22916666666666666,
                "support": 17.0
            },
            "accuracy": 0.8208232445520581,
            "macro avg": {
                "precision": 0.5606382172364133,
                "recall": 0.73767082590612,
                "f1-score": 0.563898401826484,
                "support": 413.0
            },
            "weighted avg": {
                "precision": 0.9473445911682933,
                "recall": 0.8208232445520581,
                "f1-score": 0.8710735292491735,
                "support": 413.0
            }
        }
    },
    "testing": {
        "accuracy": 0.8235294117647058,
        "auroc": 0.8490547839506173,
        "aucpr": 0.23411805328963817,
        "recall_died": 0.75,
        "f2": 0.45454545454545453,
        "report": {
            "0": {
                "precision": 0.9852941176470589,
                "recall": 0.8271604938271605,
                "f1-score": 0.8993288590604027,
                "support": 324.0
            },
            "1": {
                "precision": 0.17647058823529413,
                "recall": 0.75,
                "f1-score": 0.2857142857142857,
                "support": 16.0
            },
            "accuracy": 0.8235294117647058,
            "macro avg": {
                "precision": 0.5808823529411765,
                "recall": 0.7885802469135803,
                "f1-score": 0.5925215723873443,
                "support": 340.0
            },
            "weighted avg": {
                "precision": 0.9472318339100346,
                "recall": 0.8235294117647058,
                "f1-score": 0.8704528791382325,
                "support": 340.0
            }
        }
    }
}