{
    "training": {
        "accuracy": 0.9573361082206036,
        "auroc": 0.9102067868504772,
        "aucpr": 0.40312316726417463,
        "recall_died": 0.0975609756097561,
        "f2": 0.11627906976744186,
        "report": {
            "0": {
                "precision": 0.9611752360965372,
                "recall": 0.9956521739130435,
                "f1-score": 0.9781099839829152,
                "support": 920.0
            },
            "1": {
                "precision": 0.5,
                "recall": 0.0975609756097561,
                "f1-score": 0.16326530612244897,
                "support": 41.0
            },
            "accuracy": 0.9573361082206036,
            "macro avg": {
                "precision": 0.7305876180482687,
                "recall": 0.5466065747613998,
                "f1-score": 0.5706876450526821,
                "support": 961.0
            },
            "weighted avg": {
                "precision": 0.941499705732377,
                "recall": 0.9573361082206036,
                "f1-score": 0.943345538829659,
                "support": 961.0
            }
        }
    },
    "validation": {
        "accuracy": 0.9564164648910412,
        "auroc": 0.8153594771241831,
        "aucpr": 0.2609716528950276,
        "recall_died": 0.11764705882352941,
        "f2": 0.136986301369863,
        "report": {
            "0": {
                "precision": 0.9632352941176471,
                "recall": 0.9924242424242424,
                "f1-score": 0.9776119402985075,
                "support": 396.0
            },
            "1": {
                "precision": 0.4,
                "recall": 0.11764705882352941,
                "f1-score": 0.18181818181818182,
                "support": 17.0
            },
            "accuracy": 0.9564164648910412,
            "macro avg": {
                "precision": 0.6816176470588236,
                "recall": 0.5550356506238859,
                "f1-score": 0.5797150610583447,
                "support": 413.0
            },
            "weighted avg": {
                "precision": 0.9400512747471871,
                "recall": 0.9564164648910412,
                "f1-score": 0.9448552964869685,
                "support": 413.0
            }
        }
    },
    "testing": {
        "accuracy": 0.9558823529411765,
        "auroc": 0.8971836419753085,
        "aucpr": 0.39759527688482876,
        "recall_died": 0.125,
        "f2": 0.14925373134328357,
        "report": {
            "0": {
                "precision": 0.9584569732937686,
                "recall": 0.9969135802469136,
                "f1-score": 0.9773071104387292,
                "support": 324.0
            },
            "1": {
                "precision": 0.6666666666666666,
                "recall": 0.125,
                "f1-score": 0.21052631578947367,
                "support": 16.0
            },
            "accuracy": 0.9558823529411765,
            "macro avg": {
                "precision": 0.8125618199802176,
                "recall": 0.5609567901234568,
                "f1-score": 0.5939167131141014,
                "support": 340.0
            },
            "weighted avg": {
                "precision": 0.9447256647466108,
                "recall": 0.9558823529411765,
                "f1-score": 0.9412233083375877,
                "support": 340.0
            }
        }
    }
}