{
    "training": {
        "accuracy": 0.9604578563995838,
        "auroc": 0.9067603393425239,
        "aucpr": 0.40557432752041755,
        "recall_died": 0.17073170731707318,
        "report": {
            "0": {
                "precision": 0.9642105263157895,
                "recall": 0.9956521739130435,
                "f1-score": 0.9796791443850268,
                "support": 920.0
            },
            "1": {
                "precision": 0.6363636363636364,
                "recall": 0.17073170731707318,
                "f1-score": 0.2692307692307692,
                "support": 41.0
            },
            "accuracy": 0.9604578563995838,
            "macro avg": {
                "precision": 0.8002870813397129,
                "recall": 0.5831919406150583,
                "f1-score": 0.624454956807898,
                "support": 961.0
            },
            "weighted avg": {
                "precision": 0.9502233020826593,
                "recall": 0.9604578563995838,
                "f1-score": 0.9493686517925976,
                "support": 961.0
            }
        }
    },
    "validation": {
        "accuracy": 0.9539951573849879,
        "auroc": 0.820409982174688,
        "aucpr": 0.27504766929841956,
        "recall_died": 0.058823529411764705,
        "report": {
            "0": {
                "precision": 0.960880195599022,
                "recall": 0.9924242424242424,
                "f1-score": 0.9763975155279503,
                "support": 396.0
            },
            "1": {
                "precision": 0.25,
                "recall": 0.058823529411764705,
                "f1-score": 0.09523809523809523,
                "support": 17.0
            },
            "accuracy": 0.9539951573849879,
            "macro avg": {
                "precision": 0.605440097799511,
                "recall": 0.5256238859180036,
                "f1-score": 0.5358178053830227,
                "support": 413.0
            },
            "weighted avg": {
                "precision": 0.931618783189377,
                "recall": 0.9539951573849879,
                "f1-score": 0.940127030915535,
                "support": 413.0
            }
        }
    },
    "testing": {
        "accuracy": 0.9558823529411765,
        "auroc": 0.898533950617284,
        "aucpr": 0.4134432702781051,
        "recall_died": 0.125,
        "report": {
            "0": {
                "precision": 0.9584569732937686,
                "recall": 0.9969135802469136,
                "f1-score": 0.9773071104387292,
                "support": 324.0
            },
            "1": {
                "precision": 0.6666666666666666,
                "recall": 0.125,
                "f1-score": 0.21052631578947367,
                "support": 16.0
            },
            "accuracy": 0.9558823529411765,
            "macro avg": {
                "precision": 0.8125618199802176,
                "recall": 0.5609567901234568,
                "f1-score": 0.5939167131141014,
                "support": 340.0
            },
            "weighted avg": {
                "precision": 0.9447256647466108,
                "recall": 0.9558823529411765,
                "f1-score": 0.9412233083375877,
                "support": 340.0
            }
        }
    }
}