{
    "training": {
        "accuracy": 0.8387096774193549,
        "auroc": 0.919220572640509,
        "aucpr": 0.33834451446082536,
        "recall_died": 0.8780487804878049,
        "f2": 0.5142857142857142,
        "report": {
            "0": {
                "precision": 0.9935483870967742,
                "recall": 0.8369565217391305,
                "f1-score": 0.9085545722713865,
                "support": 920.0
            },
            "1": {
                "precision": 0.1935483870967742,
                "recall": 0.8780487804878049,
                "f1-score": 0.31718061674008813,
                "support": 41.0
            },
            "accuracy": 0.8387096774193549,
            "macro avg": {
                "precision": 0.5935483870967742,
                "recall": 0.8575026511134677,
                "f1-score": 0.6128675945057374,
                "support": 961.0
            },
            "weighted avg": {
                "precision": 0.9594172736732569,
                "recall": 0.8387096774193549,
                "f1-score": 0.8833242578314455,
                "support": 961.0
            }
        }
    },
    "validation": {
        "accuracy": 0.8111380145278451,
        "auroc": 0.7838680926916222,
        "aucpr": 0.21889469144241014,
        "recall_died": 0.6470588235294118,
        "f2": 0.36423841059602646,
        "report": {
            "0": {
                "precision": 0.9818181818181818,
                "recall": 0.8181818181818182,
                "f1-score": 0.8925619834710744,
                "support": 396.0
            },
            "1": {
                "precision": 0.13253012048192772,
                "recall": 0.6470588235294118,
                "f1-score": 0.22,
                "support": 17.0
            },
            "accuracy": 0.8111380145278451,
            "macro avg": {
                "precision": 0.5571741511500548,
                "recall": 0.732620320855615,
                "f1-score": 0.5562809917355372,
                "support": 413.0
            },
            "weighted avg": {
                "precision": 0.9468595933370285,
                "recall": 0.8111380145278451,
                "f1-score": 0.8648778340303764,
                "support": 413.0
            }
        }
    },
    "testing": {
        "accuracy": 0.7852941176470588,
        "auroc": 0.8695987654320988,
        "aucpr": 0.3337121729148773,
        "recall_died": 0.75,
        "f2": 0.41379310344827586,
        "report": {
            "0": {
                "precision": 0.9845559845559846,
                "recall": 0.7870370370370371,
                "f1-score": 0.8747855917667239,
                "support": 324.0
            },
            "1": {
                "precision": 0.14814814814814814,
                "recall": 0.75,
                "f1-score": 0.24742268041237114,
                "support": 16.0
            },
            "accuracy": 0.7852941176470588,
            "macro avg": {
                "precision": 0.5663520663520664,
                "recall": 0.7685185185185186,
                "f1-score": 0.5611041360895475,
                "support": 340.0
            },
            "weighted avg": {
                "precision": 0.9451956157838511,
                "recall": 0.7852941176470588,
                "f1-score": 0.8452626312324014,
                "support": 340.0
            }
        }
    }
}