{
    "training": {
        "accuracy": 0.8439125910509886,
        "auroc": 0.9193266171792153,
        "aucpr": 0.34123399431005547,
        "recall_died": 0.8780487804878049,
        "report": {
            "0": {
                "precision": 0.9935897435897436,
                "recall": 0.842391304347826,
                "f1-score": 0.9117647058823529,
                "support": 920.0
            },
            "1": {
                "precision": 0.19889502762430938,
                "recall": 0.8780487804878049,
                "f1-score": 0.32432432432432434,
                "support": 41.0
            },
            "accuracy": 0.8439125910509886,
            "macro avg": {
                "precision": 0.5962423856070265,
                "recall": 0.8602200424178155,
                "f1-score": 0.6180445151033387,
                "support": 961.0
            },
            "weighted avg": {
                "precision": 0.9596849742301361,
                "recall": 0.8439125910509886,
                "f1-score": 0.8867022130167138,
                "support": 961.0
            }
        }
    },
    "validation": {
        "accuracy": 0.8087167070217918,
        "auroc": 0.7838680926916222,
        "aucpr": 0.22104375393987855,
        "recall_died": 0.6470588235294118,
        "report": {
            "0": {
                "precision": 0.9817629179331308,
                "recall": 0.8156565656565656,
                "f1-score": 0.8910344827586207,
                "support": 396.0
            },
            "1": {
                "precision": 0.13095238095238096,
                "recall": 0.6470588235294118,
                "f1-score": 0.21782178217821782,
                "support": 17.0
            },
            "accuracy": 0.8087167070217918,
            "macro avg": {
                "precision": 0.5563576494427559,
                "recall": 0.7313576945929887,
                "f1-score": 0.5544281324684193,
                "support": 413.0
            },
            "weighted avg": {
                "precision": 0.9467416609629788,
                "recall": 0.8087167070217918,
                "f1-score": 0.8633235483521635,
                "support": 413.0
            }
        }
    },
    "testing": {
        "accuracy": 0.7911764705882353,
        "auroc": 0.8676697530864198,
        "aucpr": 0.32825705714605463,
        "recall_died": 0.6875,
        "report": {
            "0": {
                "precision": 0.9809885931558935,
                "recall": 0.7962962962962963,
                "f1-score": 0.879045996592845,
                "support": 324.0
            },
            "1": {
                "precision": 0.14285714285714285,
                "recall": 0.6875,
                "f1-score": 0.23655913978494625,
                "support": 16.0
            },
            "accuracy": 0.7911764705882353,
            "macro avg": {
                "precision": 0.5619228680065181,
                "recall": 0.7418981481481481,
                "f1-score": 0.5578025681888956,
                "support": 340.0
            },
            "weighted avg": {
                "precision": 0.9415471131418346,
                "recall": 0.7911764705882353,
                "f1-score": 0.8488113209783557,
                "support": 340.0
            }
        }
    }
}