{
    "training": {
        "accuracy": 0.8563995837669095,
        "auroc": 0.9481839872746554,
        "aucpr": 0.441137666185891,
        "recall_died": 0.9024390243902439,
        "f2": 0.5522388059701493,
        "report": {
            "0": {
                "precision": 0.9949367088607595,
                "recall": 0.8543478260869565,
                "f1-score": 0.9192982456140351,
                "support": 920.0
            },
            "1": {
                "precision": 0.21637426900584794,
                "recall": 0.9024390243902439,
                "f1-score": 0.3490566037735849,
                "support": 41.0
            },
            "accuracy": 0.8563995837669095,
            "macro avg": {
                "precision": 0.6056554889333037,
                "recall": 0.8783934252386002,
                "f1-score": 0.63417742469381,
                "support": 961.0
            },
            "weighted avg": {
                "precision": 0.9617202051832867,
                "recall": 0.8563995837669095,
                "f1-score": 0.8949695179184487,
                "support": 961.0
            }
        }
    },
    "validation": {
        "accuracy": 0.8208232445520581,
        "auroc": 0.8297682709447415,
        "aucpr": 0.21929827679148375,
        "recall_died": 0.7058823529411765,
        "f2": 0.40268456375838924,
        "report": {
            "0": {
                "precision": 0.9849397590361446,
                "recall": 0.8257575757575758,
                "f1-score": 0.8983516483516484,
                "support": 396.0
            },
            "1": {
                "precision": 0.14814814814814814,
                "recall": 0.7058823529411765,
                "f1-score": 0.24489795918367346,
                "support": 17.0
            },
            "accuracy": 0.8208232445520581,
            "macro avg": {
                "precision": 0.5665439535921464,
                "recall": 0.7658199643493762,
                "f1-score": 0.5716248037676609,
                "support": 413.0
            },
            "weighted avg": {
                "precision": 0.950495552292571,
                "recall": 0.8208232445520581,
                "f1-score": 0.8714540388701578,
                "support": 413.0
            }
        }
    },
    "testing": {
        "accuracy": 0.8205882352941176,
        "auroc": 0.8519483024691358,
        "aucpr": 0.2072204887356124,
        "recall_died": 0.6875,
        "f2": 0.4198473282442748,
        "report": {
            "0": {
                "precision": 0.9816849816849816,
                "recall": 0.8271604938271605,
                "f1-score": 0.897822445561139,
                "support": 324.0
            },
            "1": {
                "precision": 0.16417910447761194,
                "recall": 0.6875,
                "f1-score": 0.26506024096385544,
                "support": 16.0
            },
            "accuracy": 0.8205882352941176,
            "macro avg": {
                "precision": 0.5729320430812967,
                "recall": 0.7573302469135803,
                "f1-score": 0.5814413432624972,
                "support": 340.0
            },
            "weighted avg": {
                "precision": 0.943214116875223,
                "recall": 0.8205882352941176,
                "f1-score": 0.8680454006389139,
                "support": 340.0
            }
        }
    }
}