{
    "training": {
        "accuracy": 0.8444666001994018,
        "auroc": 0.9563512581868321,
        "aucpr": 0.3895232099825577,
        "recall_died": 0.9722222222222222,
        "f2": 0.5239520958083832,
        "report": {
            "0": {
                "precision": 0.998769987699877,
                "recall": 0.8397104446742503,
                "f1-score": 0.9123595505617977,
                "support": 967.0
            },
            "1": {
                "precision": 0.18421052631578946,
                "recall": 0.9722222222222222,
                "f1-score": 0.30973451327433627,
                "support": 36.0
            },
            "accuracy": 0.8444666001994018,
            "macro avg": {
                "precision": 0.5914902570078332,
                "recall": 0.9059663334482362,
                "f1-score": 0.611047031918067,
                "support": 1003.0
            },
            "weighted avg": {
                "precision": 0.9695335563839975,
                "recall": 0.8444666001994018,
                "f1-score": 0.8907299380569637,
                "support": 1003.0
            }
        }
    },
    "validation": {
        "accuracy": 0.8418604651162791,
        "auroc": 0.9131944444444444,
        "aucpr": 0.29181049928332536,
        "recall_died": 0.8125,
        "f2": 0.45774647887323944,
        "report": {
            "0": {
                "precision": 0.9914772727272727,
                "recall": 0.8429951690821256,
                "f1-score": 0.9112271540469974,
                "support": 414.0
            },
            "1": {
                "precision": 0.16666666666666666,
                "recall": 0.8125,
                "f1-score": 0.2765957446808511,
                "support": 16.0
            },
            "accuracy": 0.8418604651162791,
            "macro avg": {
                "precision": 0.5790719696969697,
                "recall": 0.8277475845410628,
                "f1-score": 0.5939114493639243,
                "support": 430.0
            },
            "weighted avg": {
                "precision": 0.9607866455250176,
                "recall": 0.8418604651162791,
                "f1-score": 0.8876129620705826,
                "support": 430.0
            }
        }
    },
    "testing": {
        "accuracy": 0.8181818181818182,
        "auroc": 0.9044207941056079,
        "aucpr": 0.3464433507950343,
        "recall_died": 0.8571428571428571,
        "f2": 0.45454545454545453,
        "report": {
            "0": {
                "precision": 0.9930313588850174,
                "recall": 0.8166189111747851,
                "f1-score": 0.8962264150943396,
                "support": 349.0
            },
            "1": {
                "precision": 0.15789473684210525,
                "recall": 0.8571428571428571,
                "f1-score": 0.26666666666666666,
                "support": 14.0
            },
            "accuracy": 0.8181818181818182,
            "macro avg": {
                "precision": 0.5754630478635613,
                "recall": 0.8368808841588211,
                "f1-score": 0.5814465408805032,
                "support": 363.0
            },
            "weighted avg": {
                "precision": 0.960822232966007,
                "recall": 0.8181818181818182,
                "f1-score": 0.8719458738326663,
                "support": 363.0
            }
        }
    }
}