{
    "training": {
        "accuracy": 0.8334995014955134,
        "auroc": 0.9260312535907158,
        "aucpr": 0.3113805714293397,
        "recall_died": 0.9166666666666666,
        "report": {
            "0": {
                "precision": 0.9962779156327544,
                "recall": 0.8304033092037229,
                "f1-score": 0.9058093626621545,
                "support": 967.0
            },
            "1": {
                "precision": 0.16751269035532995,
                "recall": 0.9166666666666666,
                "f1-score": 0.2832618025751073,
                "support": 36.0
            },
            "accuracy": 0.8334995014955134,
            "macro avg": {
                "precision": 0.5818953029940421,
                "recall": 0.8735349879351948,
                "f1-score": 0.5945355826186309,
                "support": 1003.0
            },
            "weighted avg": {
                "precision": 0.9665316064503144,
                "recall": 0.8334995014955134,
                "f1-score": 0.8834646845334071,
                "support": 1003.0
            }
        }
    },
    "validation": {
        "accuracy": 0.8372093023255814,
        "auroc": 0.9248188405797101,
        "aucpr": 0.3149941942516585,
        "recall_died": 0.9375,
        "report": {
            "0": {
                "precision": 0.9971098265895953,
                "recall": 0.8333333333333334,
                "f1-score": 0.9078947368421053,
                "support": 414.0
            },
            "1": {
                "precision": 0.17857142857142858,
                "recall": 0.9375,
                "f1-score": 0.3,
                "support": 16.0
            },
            "accuracy": 0.8372093023255814,
            "macro avg": {
                "precision": 0.5878406275805119,
                "recall": 0.8854166666666667,
                "f1-score": 0.6039473684210527,
                "support": 430.0
            },
            "weighted avg": {
                "precision": 0.9666525838726402,
                "recall": 0.8372093023255814,
                "f1-score": 0.8852753977968177,
                "support": 430.0
            }
        }
    },
    "testing": {
        "accuracy": 0.8650137741046832,
        "auroc": 0.9422840769545641,
        "aucpr": 0.48153438911016955,
        "recall_died": 0.9285714285714286,
        "report": {
            "0": {
                "precision": 0.9966887417218543,
                "recall": 0.8624641833810889,
                "f1-score": 0.9247311827956989,
                "support": 349.0
            },
            "1": {
                "precision": 0.21311475409836064,
                "recall": 0.9285714285714286,
                "f1-score": 0.3466666666666667,
                "support": 14.0
            },
            "accuracy": 0.8650137741046832,
            "macro avg": {
                "precision": 0.6049017479101074,
                "recall": 0.8955178059762587,
                "f1-score": 0.6356989247311828,
                "support": 363.0
            },
            "weighted avg": {
                "precision": 0.9664682573507003,
                "recall": 0.8650137741046832,
                "f1-score": 0.902436683551053,
                "support": 363.0
            }
        }
    }
}