{
    "training": {
        "accuracy": 0.967098703888335,
        "auroc": 0.8764362863380444,
        "aucpr": 0.3732749724453522,
        "recall_died": 0.1388888888888889,
        "report": {
            "0": {
                "precision": 0.9688755020080321,
                "recall": 0.9979317476732161,
                "f1-score": 0.9831889964340296,
                "support": 967.0
            },
            "1": {
                "precision": 0.7142857142857143,
                "recall": 0.1388888888888889,
                "f1-score": 0.23255813953488372,
                "support": 36.0
            },
            "accuracy": 0.967098703888335,
            "macro avg": {
                "precision": 0.8415806081468732,
                "recall": 0.5684103182810525,
                "f1-score": 0.6078735679844567,
                "support": 1003.0
            },
            "weighted avg": {
                "precision": 0.9597376831067325,
                "recall": 0.967098703888335,
                "f1-score": 0.9562471112412387,
                "support": 1003.0
            }
        }
    },
    "validation": {
        "accuracy": 0.9651162790697675,
        "auroc": 0.9066274154589371,
        "aucpr": 0.3685895613491925,
        "recall_died": 0.125,
        "report": {
            "0": {
                "precision": 0.9672131147540983,
                "recall": 0.9975845410628019,
                "f1-score": 0.9821640903686087,
                "support": 414.0
            },
            "1": {
                "precision": 0.6666666666666666,
                "recall": 0.125,
                "f1-score": 0.21052631578947367,
                "support": 16.0
            },
            "accuracy": 0.9651162790697675,
            "macro avg": {
                "precision": 0.8169398907103824,
                "recall": 0.561292270531401,
                "f1-score": 0.5963452030790413,
                "support": 430.0
            },
            "weighted avg": {
                "precision": 0.9560299911043334,
                "recall": 0.9651162790697675,
                "f1-score": 0.9534519871284548,
                "support": 430.0
            }
        }
    },
    "testing": {
        "accuracy": 0.9641873278236914,
        "auroc": 0.9622390503479329,
        "aucpr": 0.4464384821527678,
        "recall_died": 0.07142857142857142,
        "report": {
            "0": {
                "precision": 0.9640883977900553,
                "recall": 1.0,
                "f1-score": 0.9817158931082982,
                "support": 349.0
            },
            "1": {
                "precision": 1.0,
                "recall": 0.07142857142857142,
                "f1-score": 0.13333333333333333,
                "support": 14.0
            },
            "accuracy": 0.9641873278236914,
            "macro avg": {
                "precision": 0.9820441988950277,
                "recall": 0.5357142857142857,
                "f1-score": 0.5575246132208158,
                "support": 363.0
            },
            "weighted avg": {
                "precision": 0.9654734182609623,
                "recall": 0.9641873278236914,
                "f1-score": 0.9489959045770323,
                "support": 363.0
            }
        }
    }
}