{
    "training": {
        "accuracy": 0.8055832502492523,
        "auroc": 0.8840773296564404,
        "aucpr": 0.2923638929718699,
        "recall_died": 0.8611111111111112,
        "report": {
            "0": {
                "precision": 0.9936061381074168,
                "recall": 0.8035160289555325,
                "f1-score": 0.888507718696398,
                "support": 967.0
            },
            "1": {
                "precision": 0.14027149321266968,
                "recall": 0.8611111111111112,
                "f1-score": 0.24124513618677043,
                "support": 36.0
            },
            "accuracy": 0.8055832502492523,
            "macro avg": {
                "precision": 0.5669388156600432,
                "recall": 0.8323135700333218,
                "f1-score": 0.5648764274415842,
                "support": 1003.0
            },
            "weighted avg": {
                "precision": 0.96297797537939,
                "recall": 0.8055832502492523,
                "f1-score": 0.8652759609991433,
                "support": 1003.0
            }
        }
    },
    "validation": {
        "accuracy": 0.8069767441860465,
        "auroc": 0.9108544685990339,
        "aucpr": 0.2878466777500507,
        "recall_died": 0.9375,
        "report": {
            "0": {
                "precision": 0.996996996996997,
                "recall": 0.8019323671497585,
                "f1-score": 0.8888888888888888,
                "support": 414.0
            },
            "1": {
                "precision": 0.15463917525773196,
                "recall": 0.9375,
                "f1-score": 0.26548672566371684,
                "support": 16.0
            },
            "accuracy": 0.8069767441860465,
            "macro avg": {
                "precision": 0.5758180861273645,
                "recall": 0.8697161835748792,
                "f1-score": 0.5771878072763028,
                "support": 430.0
            },
            "weighted avg": {
                "precision": 0.9656534501415823,
                "recall": 0.8069767441860465,
                "f1-score": 0.865692529327022,
                "support": 430.0
            }
        }
    },
    "testing": {
        "accuracy": 0.8705234159779615,
        "auroc": 0.9601923864101515,
        "aucpr": 0.4520381168340353,
        "recall_died": 1.0,
        "report": {
            "0": {
                "precision": 1.0,
                "recall": 0.8653295128939829,
                "f1-score": 0.9278033794162827,
                "support": 349.0
            },
            "1": {
                "precision": 0.22950819672131148,
                "recall": 1.0,
                "f1-score": 0.37333333333333335,
                "support": 14.0
            },
            "accuracy": 0.8705234159779615,
            "macro avg": {
                "precision": 0.6147540983606558,
                "recall": 0.9326647564469914,
                "f1-score": 0.650568356374808,
                "support": 363.0
            },
            "weighted avg": {
                "precision": 0.9702840626834665,
                "recall": 0.8705234159779615,
                "f1-score": 0.9064188597326428,
                "support": 363.0
            }
        }
    }
}