{
    "training": {
        "accuracy": 0.8195413758723828,
        "auroc": 0.9132195794553601,
        "aucpr": 0.3820638916744242,
        "recall_died": 0.8888888888888888,
        "report": {
            "0": {
                "precision": 0.9949622166246851,
                "recall": 0.8169596690796277,
                "f1-score": 0.8972174900624645,
                "support": 967.0
            },
            "1": {
                "precision": 0.15311004784688995,
                "recall": 0.8888888888888888,
                "f1-score": 0.2612244897959184,
                "support": 36.0
            },
            "accuracy": 0.8195413758723828,
            "macro avg": {
                "precision": 0.5740361322357875,
                "recall": 0.8529242789842583,
                "f1-score": 0.5792209899291915,
                "support": 1003.0
            },
            "weighted avg": {
                "precision": 0.9647461866386426,
                "recall": 0.8195413758723828,
                "f1-score": 0.8743902238515018,
                "support": 1003.0
            }
        }
    },
    "validation": {
        "accuracy": 0.8093023255813954,
        "auroc": 0.9315368357487923,
        "aucpr": 0.42855512566831555,
        "recall_died": 0.9375,
        "report": {
            "0": {
                "precision": 0.9970059880239521,
                "recall": 0.8043478260869565,
                "f1-score": 0.8903743315508021,
                "support": 414.0
            },
            "1": {
                "precision": 0.15625,
                "recall": 0.9375,
                "f1-score": 0.26785714285714285,
                "support": 16.0
            },
            "accuracy": 0.8093023255813954,
            "macro avg": {
                "precision": 0.5766279940119761,
                "recall": 0.8709239130434783,
                "f1-score": 0.5791157372039725,
                "support": 430.0
            },
            "weighted avg": {
                "precision": 0.965722044283526,
                "recall": 0.8093023255813954,
                "f1-score": 0.8672109012738288,
                "support": 430.0
            }
        }
    },
    "testing": {
        "accuracy": 0.8677685950413223,
        "auroc": 0.9516987310683586,
        "aucpr": 0.47308408337820096,
        "recall_died": 1.0,
        "report": {
            "0": {
                "precision": 1.0,
                "recall": 0.8624641833810889,
                "f1-score": 0.9261538461538461,
                "support": 349.0
            },
            "1": {
                "precision": 0.22580645161290322,
                "recall": 1.0,
                "f1-score": 0.3684210526315789,
                "support": 14.0
            },
            "accuracy": 0.8677685950413223,
            "macro avg": {
                "precision": 0.6129032258064516,
                "recall": 0.9312320916905444,
                "f1-score": 0.6472874493927125,
                "support": 363.0
            },
            "weighted avg": {
                "precision": 0.9701412956544923,
                "recall": 0.8677685950413223,
                "f1-score": 0.9046434904808109,
                "support": 363.0
            }
        }
    }
}